SOA,SOA Code,Usually Resident Population,Usually Resident Population: Households,Usually Resident Population: Communal Establishments,Households,Households: 1 person,Households: 2 people,Households: 3 people,Households: 4 people,Households: 5 people or more,Average Household Size
Aldergrove 1,95AA01S1,"1,113",982,131,310,21,91,69,86,43,3.17
Aldergrove 2,95AA01S2,"1,829","1,814",15,624,120,187,97,120,100,2.91
Aldergrove 3,95AA01S3,"1,502","1,494",8,588,155,177,113,87,56,2.54
Balloo,95AA02W1,"1,734","1,734",0,839,346,254,131,68,40,2.07
Ballycraigy,95AA03W1,"1,822","1,822",0,845,323,262,124,94,42,2.16
Clady,95AA04W1,"3,013","3,002",11,"1,014",171,299,183,195,166,2.96
Cranfield,95AA05W1,"2,701","2,654",47,920,192,246,164,182,136,2.88
Crumlin 1 (Antrim LGD),95AA06S1,"1,953","1,953",0,710,187,171,121,130,101,2.75
Crumlin 2 (Antrim LGD),95AA06S2,"2,694","2,651",43,860,169,193,131,200,167,3.08
Drumanaway,95AA07W1,"2,140","2,119",21,820,201,258,144,139,78,2.58
Farranshane,95AA08W1,"1,698","1,676",22,699,215,203,144,80,57,2.4
Fountain Hill,95AA09W1,"2,220","2,143",77,943,307,291,195,94,56,2.27
Greystone (Antrim LGD),95AA10W1,"1,953","1,953",0,792,199,271,148,119,55,2.47
Massereene 1,95AA11S1,"2,800","2,698",102,"1,123",330,356,184,176,77,2.4
Massereene 2,95AA11S2,"2,564","2,431",133,870,157,258,176,186,93,2.79
Parkgate,95AA12W1,"2,775","2,775",0,971,180,283,171,204,133,2.86
Randalstown 1,95AA13S1,"1,745","1,707",38,625,151,169,115,114,76,2.73
Randalstown 2,95AA13S2,"1,562","1,561",1,614,175,182,104,82,71,2.54
Shilvodan,95AA14W1,"2,349","2,302",47,779,130,252,122,143,132,2.96
Springfarm 1,95AA15S1,"2,641","2,630",11,"1,013",223,322,217,163,88,2.6
Springfarm 2,95AA15S2,"1,545","1,472",73,582,172,146,124,86,54,2.53
Steeple,95AA16W1,"1,807","1,807",0,832,318,243,137,91,43,2.17
Stiles,95AA17W1,"2,142","2,142",0,855,237,252,160,140,66,2.51
Templepatrick,95AA18W1,"2,439","2,373",66,"1,004",257,409,140,135,63,2.36
Toome,95AA19W1,"2,687","2,645",42,832,157,185,141,168,181,3.18
Ballygowan 1,95BB01S1,"1,574","1,574",0,548,105,152,99,118,74,2.87
Ballygowan 2,95BB01S2,"2,035","2,035",0,759,165,221,156,147,70,2.68
Ballyrainey,95BB02W1,"2,347","2,334",13,"1,126",438,378,163,100,47,2.07
Ballywalter 1,95BB03S1,"2,026","2,026",0,877,263,297,152,125,40,2.31
Ballywalter 2,95BB03S2,"2,193","2,191",2,899,214,355,147,116,67,2.44
Bradshaw's Brae 1,95BB04S1,"1,438","1,399",39,638,192,258,93,70,25,2.19
Bradshaw's Brae 2,95BB04S2,"1,610","1,610",0,669,157,263,116,97,36,2.41
Carrowdore 1,95BB05S1,"1,490","1,490",0,564,107,210,91,103,53,2.64
Carrowdore 2,95BB05S2,"1,911","1,911",0,754,175,275,127,108,69,2.53
Central (Ards LGD),95BB06W1,"2,870","2,870",0,"1,518",680,520,178,94,46,1.89
Comber East 1,95BB07S1,"1,658","1,601",57,819,343,286,103,61,26,1.95
Comber East 2,95BB07S2,"1,295","1,295",0,496,88,199,82,93,34,2.61
Comber North 1,95BB08S1,"1,331","1,331",0,589,199,188,97,73,32,2.26
Comber North 2,95BB08S2,"1,294","1,294",0,479,80,162,104,97,36,2.7
Comber West 1,95BB09S1,"1,325","1,291",34,561,141,234,93,71,22,2.3
Comber West 2,95BB09S2,"1,618","1,618",0,692,199,233,120,112,28,2.34
Donaghadee North 1,95BB10S1,"1,690","1,663",27,874,401,286,94,64,29,1.9
Donaghadee North 2,95BB10S2,"1,637","1,615",22,635,114,270,110,94,47,2.54
Donaghadee South 1,95BB11S1,"1,408","1,408",0,621,206,203,102,75,35,2.27
Donaghadee South 2,95BB11S2,"1,547","1,495",52,717,271,252,95,66,33,2.09
Glen 1,95BB12S1,"1,440","1,440",0,626,200,219,101,56,50,2.3
Glen 2,95BB12S2,"1,336","1,336",0,504,91,181,108,76,48,2.65
Gregstown 1,95BB13S1,"1,392","1,392",0,508,88,173,90,106,51,2.74
Gregstown 2,95BB13S2,"1,472","1,466",6,603,142,231,113,76,41,2.43
Gregstown 3,95BB13S3,"1,580","1,580",0,576,93,199,120,108,56,2.74
Killinchy 1,95BB14S1,"1,510","1,510",0,551,97,198,94,95,67,2.74
Killinchy 2,95BB14S2,"1,606","1,578",28,621,162,194,98,119,48,2.54
Kircubbin 1,95BB15S1,"2,005","2,005",0,706,134,237,106,123,106,2.84
Kircubbin 2,95BB15S2,"1,484","1,484",0,581,167,166,99,81,68,2.55
Lisbane 1,95BB16S1,"1,533","1,533",0,562,98,197,105,97,65,2.73
Lisbane 2,95BB16S2,"1,603","1,600",3,614,127,220,101,113,53,2.61
Loughries 1,95BB17S1,"1,793","1,793",0,727,188,245,123,120,51,2.47
Loughries 2,95BB17S2,"1,763","1,742",21,672,147,228,125,112,60,2.59
Millisle 1,95BB18S1,"1,688","1,688",0,726,216,263,112,82,53,2.33
Millisle 2,95BB18S2,"2,591","2,524",67,912,156,297,172,194,93,2.77
Movilla 1,95BB19S1,"1,613","1,557",56,641,161,226,122,94,38,2.43
Movilla 2,95BB19S2,"1,784","1,777",7,599,65,186,128,162,58,2.97
Movilla 3,95BB19S3,"1,391","1,391",0,484,75,138,107,114,50,2.87
Portaferry 1,95BB20S1,"1,889","1,844",45,677,170,188,115,108,96,2.72
Portaferry 2,95BB20S2,"1,524","1,524",0,613,199,165,103,75,71,2.49
Portavogie 1,95BB21S1,"2,387","2,379",8,932,231,308,156,149,88,2.55
Portavogie 2,95BB21S2,"2,332","2,320",12,889,209,309,127,144,100,2.61
Scrabo 1,95BB22S1,"1,557","1,525",32,596,143,195,102,111,45,2.56
Scrabo 2,95BB22S2,"1,483","1,468",15,598,177,175,106,96,44,2.45
Whitespots 1,95BB23S1,"1,540","1,540",0,638,150,258,99,96,35,2.41
Whitespots 2,95BB23S2,"1,485","1,436",49,523,86,173,104,117,43,2.75
Abbey Park,95CC01W1,"2,558","2,376",182,904,234,256,180,133,101,2.63
Ballymartrim,95CC02W1,"2,725","2,693",32,875,171,214,161,139,190,3.08
Callan Bridge,95CC03W1,"2,817","2,791",26,"1,127",367,295,196,152,117,2.48
Carrigatuke,95CC04W1,"2,440","2,384",56,790,177,188,132,126,167,3.02
Charlemont,95CC05W1,"2,774","2,749",25,954,227,261,134,156,176,2.88
Demesne 1,95CC06S1,"1,468","1,458",10,579,150,195,96,80,58,2.52
Demesne 2,95CC06S2,"1,308","1,292",16,517,151,156,83,76,51,2.5
Derrynoose,95CC07W1,"3,475","3,475",0,"1,108",227,250,181,193,257,3.14
Downs,95CC08W1,"2,565","2,511",54,990,286,292,158,141,113,2.54
Hamiltonsbawn 1,95CC09S1,"1,496","1,485",11,494,78,152,66,117,81,3.01
Hamiltonsbawn 2,95CC09S2,"1,858","1,838",20,696,157,226,125,115,73,2.64
Hockley,95CC10W1,"2,577","2,495",82,901,186,281,169,138,127,2.77
Keady,95CC11W1,"1,795","1,787",8,786,290,232,115,89,60,2.27
Killeen,95CC12W1,"2,785","2,751",34,890,175,209,158,155,193,3.09
Killylea,95CC13W1,"2,474","2,474",0,817,168,214,124,155,156,3.03
Laurelvale,95CC14W1,"3,035","3,017",18,"1,132",249,355,199,212,117,2.67
Loughgall,95CC15W1,"2,903","2,893",10,"1,007",213,274,189,171,160,2.87
Markethill,95CC16W1,"2,820","2,801",19,"1,076",302,306,187,137,144,2.6
Milford,95CC17W1,"2,730","2,724",6,897,178,220,164,149,186,3.04
Observatory,95CC18W1,"2,342","2,309",33,937,284,277,163,122,91,2.46
Poyntz Pass,95CC19W1,"2,720","2,720",0,981,242,267,155,179,138,2.77
Rich Hill 1,95CC20S1,"1,308","1,308",0,484,112,133,102,82,55,2.7
Rich Hill 2,95CC20S2,"1,702","1,658",44,643,163,186,126,114,54,2.58
Tandragee,95CC21W1,"2,925","2,925",0,"1,167",307,394,174,183,109,2.51
The Mall,95CC22W1,"1,740","1,724",16,842,370,247,118,54,53,2.05
Academy,95DD01W1,"2,099","2,031",68,836,196,330,142,103,65,2.43
Ahoghill 1,95DD02S1,"1,453","1,453",0,599,167,195,113,77,47,2.43
Ahoghill 2,95DD02S2,"2,435","2,419",16,891,178,272,179,178,84,2.71
Ardeevin,95DD03W1,"3,503","3,474",29,"1,389",305,521,268,193,102,2.5
Ballee,95DD04W1,"1,926","1,926",0,859,303,274,132,94,56,2.24
Ballykeel,95DD05W1,"1,739","1,739",0,685,174,214,140,92,65,2.54
Ballyloughan,95DD06W1,"2,588","2,427",161,944,187,368,141,183,65,2.57
Broughshane 1,95DD07S1,"1,596","1,596",0,689,186,266,119,82,36,2.32
Broughshane 2,95DD07S2,"1,767","1,767",0,723,211,219,124,113,56,2.44
Castle Demesne,95DD08W1,"2,126","2,083",43,"1,041",485,270,154,79,53,2
Craigywarren,95DD09W1,"2,590","2,572",18,929,164,319,164,177,105,2.77
Cullybackey,95DD10W1,"2,805","2,805",0,"1,180",361,378,208,137,96,2.38
Dunclug,95DD11W1,"2,363","2,363",0,955,301,272,160,131,91,2.47
Dunminning,95DD12W1,"2,610","2,582",28,890,163,268,165,154,140,2.9
Fair Green,95DD13W1,"1,784","1,743",41,741,272,207,106,88,68,2.35
Galgorm 1,95DD14S1,"1,603","1,601",2,626,154,202,101,116,53,2.56
Galgorm 2,95DD14S2,"1,674","1,667",7,607,105,203,118,117,64,2.75
Glenravel,95DD15W1,"3,451","3,451",0,"1,174",239,311,217,187,220,2.94
Glenwhirry,95DD16W1,"2,981","2,943",38,"1,019",197,280,204,182,156,2.89
Grange,95DD17W1,"3,461","3,461",0,"1,148",192,326,201,235,194,3.01
Harryville,95DD18W1,"1,885","1,813",72,873,311,333,124,71,34,2.08
Kells 1,95DD19S1,"1,904","1,855",49,732,193,218,134,124,63,2.53
Kells 2,95DD19S2,"1,460","1,460",0,543,104,190,101,88,60,2.69
Moat,95DD20W1,"1,746","1,742",4,826,330,263,122,59,52,2.11
Park,95DD21W1,"2,139","2,130",9,891,242,315,159,117,58,2.39
Portglenone 1,95DD22S1,"1,555","1,537",18,559,139,159,88,95,78,2.75
Portglenone 2,95DD22S2,"1,581","1,581",0,597,170,159,97,101,70,2.65
Slemish,95DD23W1,"2,509","2,490",19,881,154,277,162,179,109,2.83
Summerfield,95DD24W1,"2,711","2,692",19,990,198,318,192,174,108,2.72
Ballyhoe and Corkey,95EE01W1,"1,895","1,895",0,592,93,149,111,103,136,3.2
Benvardin,95EE02W1,"2,095","2,095",0,790,186,239,147,135,83,2.65
Carnany,95EE03W1,"1,999","1,983",16,808,231,255,130,122,70,2.45
Clogh Mills,95EE04W1,"1,993","1,990",3,736,168,231,127,111,99,2.7
Dervock,95EE05W1,"1,509","1,497",12,577,135,197,91,98,56,2.59
Dunloy,95EE06W1,"2,278","2,278",0,692,123,141,115,142,171,3.29
Fairhill,95EE07W1,"1,798","1,798",0,740,207,243,131,105,54,2.43
Glebe,95EE08W1,"1,719","1,633",86,711,224,251,109,78,49,2.3
Killoquin Lower,95EE09W1,"1,890","1,859",31,605,95,165,109,120,116,3.07
Killoquin Upper,95EE10W1,"1,797","1,797",0,598,116,155,101,110,116,3.01
Knockaholet,95EE11W1,"1,677","1,677",0,551,82,164,103,98,104,3.04
Newhill,95EE12W1,"2,507","2,500",7,"1,059",310,349,189,150,61,2.36
Route,95EE13W1,"1,529","1,529",0,718,297,205,104,70,42,2.13
Seacon,95EE14W1,"2,684","2,684",0,"1,016",213,342,185,180,96,2.64
Stranocum,95EE15W1,"1,728","1,728",0,606,129,171,108,106,92,2.85
The Vow,95EE16W1,"2,126","2,111",15,709,132,194,118,151,114,2.98
Ballydown 1,95FF01S1,"2,129","2,098",31,781,160,255,124,171,71,2.69
Ballydown 2,95FF01S2,"2,667","2,655",12,959,175,295,193,200,96,2.77
Ballyward,95FF02W1,"2,817","2,817",0,923,190,224,149,161,199,3.05
Banbridge West,95FF03W1,"3,006","3,006",0,"1,169",268,390,215,199,97,2.57
Bannside,95FF04W1,"2,629","2,629",0,862,136,249,143,172,162,3.05
Dromore North,95FF05W1,"2,563","2,563",0,"1,119",367,350,195,146,61,2.29
Dromore South 1,95FF06S1,"2,036","1,974",62,820,224,295,113,139,49,2.41
Dromore South 2,95FF06S2,"2,080","2,080",0,720,130,213,121,159,97,2.89
Edenderry,95FF07W1,"2,769","2,763",6,"1,154",363,347,195,161,88,2.39
Fort,95FF08W1,"2,364","2,328",36,993,351,276,144,139,83,2.34
Gilford,95FF09W1,"2,522","2,521",1,"1,000",300,285,165,144,106,2.52
Gransha,95FF10W1,"3,473","3,473",0,"1,216",228,364,225,227,172,2.86
Katesbridge,95FF11W1,"2,582","2,582",0,873,157,252,150,171,143,2.96
Lawrencetown,95FF12W1,"2,724","2,721",3,"1,018",229,325,184,159,121,2.67
Loughbrickland,95FF13W1,"2,708","2,708",0,977,218,282,175,167,135,2.77
Quilly,95FF14W1,"2,432","2,413",19,862,149,291,142,173,107,2.8
Rathfriland,95FF15W1,"2,740","2,680",60,"1,073",335,300,171,142,125,2.5
Seapatrick,95FF16W1,"2,374","2,317",57,927,255,281,168,143,80,2.5
The Cut,95FF17W1,"1,724","1,717",7,857,378,265,95,82,37,2
Andersonstown 1,95GG01S1,"1,768","1,765",3,739,226,244,127,77,65,2.39
Andersonstown 2,95GG01S2,"1,523","1,464",59,624,226,171,96,70,61,2.35
Andersonstown 3,95GG01S3,"1,616","1,616",0,641,197,175,127,65,77,2.52
Ardoyne 1,95GG02S1,"1,745","1,745",0,749,245,240,112,99,53,2.33
Ardoyne 2,95GG02S2,"2,018","2,018",0,859,282,248,163,102,64,2.35
Ardoyne 3,95GG02S3,"2,224","2,224",0,960,358,248,167,111,76,2.32
Ballyhackamore 1,95GG03S1,"2,003","1,952",51,895,333,295,109,102,56,2.18
Ballyhackamore 2,95GG03S2,"1,833","1,833",0,767,242,230,128,110,57,2.39
Ballyhackamore 3,95GG03S3,"2,103","2,072",31,"1,005",404,329,127,107,38,2.06
Ballymacarrett 1,95GG04S1,"1,708","1,708",0,801,323,227,137,65,49,2.13
Ballymacarrett 2,95GG04S2,"1,564","1,564",0,640,232,144,110,91,63,2.44
Ballymacarrett 3,95GG04S3,"1,636","1,636",0,856,405,254,102,67,28,1.91
Ballynafeigh 1,95GG05S1,"1,813","1,777",36,845,325,280,117,86,37,2.1
Ballynafeigh 2,95GG05S2,"2,009","2,009",0,948,360,297,158,99,34,2.12
Ballynafeigh 3,95GG05S3,"2,106","2,106",0,"1,007",393,328,145,103,38,2.09
Ballysillan 1,95GG06S1,"1,925","1,866",59,794,212,302,155,76,49,2.35
Ballysillan 2,95GG06S2,"1,779","1,779",0,833,303,282,132,74,42,2.14
Ballysillan 3,95GG06S3,"1,922","1,922",0,754,208,205,142,138,61,2.55
Beechmount 1,95GG07S1,"1,862","1,844",18,796,286,213,138,99,60,2.32
Beechmount 2,95GG07S2,"1,922","1,922",0,788,253,219,158,88,70,2.44
Beechmount 3,95GG07S3,"1,701","1,701",0,685,203,183,148,91,60,2.48
Bellevue 1,95GG08S1,"1,394","1,394",0,554,158,175,91,63,67,2.52
Bellevue 2,95GG08S2,"1,730","1,730",0,810,319,234,135,90,32,2.14
Bellevue 3,95GG08S3,"1,786","1,786",0,787,258,258,135,92,44,2.27
Belmont 1,95GG09S1,"2,151","2,089",62,844,225,291,127,128,73,2.48
Belmont 2,95GG09S2,"1,896","1,856",40,808,233,299,131,102,43,2.3
Belmont 3,95GG09S3,"2,118","2,110",8,952,344,291,167,106,44,2.22
Blackstaff 1,95GG10S1,"1,826","1,826",0,966,453,303,125,52,33,1.89
Blackstaff 2,95GG10S2,"2,172","2,171",1,"1,051",430,322,159,97,43,2.07
Bloomfield 1 (Belfast LGD),95GG11S1,"1,895","1,895",0,987,462,311,112,63,39,1.92
Bloomfield 2 (Belfast LGD),95GG11S2,"1,687","1,636",51,701,233,226,81,119,42,2.33
Bloomfield 3 (Belfast LGD),95GG11S3,"1,871","1,858",13,998,467,332,117,51,31,1.86
Botanic 1,95GG12S1,"1,555","1,488",67,558,160,174,85,53,86,2.67
Botanic 2,95GG12S2,"1,958","1,958",0,727,232,150,114,135,96,2.69
Botanic 3,95GG12S3,"1,488","1,477",11,586,209,131,96,72,78,2.52
Botanic 4,95GG12S4,"1,703","1,626",77,719,308,166,99,72,74,2.26
Botanic 5,95GG12S5,"2,241","2,177",64,839,231,250,151,106,101,2.59
Castleview 1,95GG13S1,"1,333","1,329",4,664,317,154,111,55,27,2
Castleview 2,95GG13S2,"1,752","1,731",21,665,180,197,116,89,83,2.6
Castleview 3,95GG13S3,"1,637","1,637",0,787,322,239,109,81,36,2.08
Cavehill 1,95GG14S1,"1,617","1,617",0,618,155,204,88,96,75,2.62
Cavehill 2,95GG14S2,"1,597","1,597",0,582,137,170,99,95,81,2.74
Cavehill 3,95GG14S3,"1,606","1,606",0,617,148,191,109,115,54,2.6
Cherryvalley 1,95GG15S1,"1,959","1,805",154,736,194,263,99,121,59,2.45
Cherryvalley 2,95GG15S2,"2,052","2,004",48,890,304,273,142,132,39,2.25
Cherryvalley 3,95GG15S3,"1,909","1,881",28,918,391,286,112,78,51,2.05
Chichester Park 1,95GG16S1,"1,996","1,960",36,866,341,237,130,80,78,2.26
Chichester Park 2,95GG16S2,"1,970","1,920",50,777,267,199,126,96,89,2.47
Chichester Park 3,95GG16S3,"1,486","1,486",0,587,168,161,114,87,57,2.53
Cliftonville 1,95GG17S1,"2,031","2,031",0,770,198,217,153,120,82,2.64
Cliftonville 2,95GG17S2,"1,595","1,595",0,623,170,193,97,103,60,2.56
Cliftonville 3,95GG17S3,"1,704","1,704",0,744,268,197,135,101,43,2.29
Clonard 1,95GG18S1,"2,553","2,553",0,"1,073",361,310,181,123,98,2.38
Clonard 2,95GG18S2,"2,422","2,422",0,"1,070",385,317,190,113,65,2.26
Crumlin 1 (Belfast LGD),95GG19S1,"2,019","1,961",58,"1,061",525,313,128,68,27,1.85
Crumlin 2 (Belfast LGD),95GG19S2,"2,563","2,563",0,"1,178",479,315,183,137,64,2.18
Duncairn 1,95GG20S1,"2,807","2,698",109,"1,393",616,431,219,85,42,1.94
Duncairn 2,95GG20S2,"2,094","2,094",0,966,392,270,147,92,65,2.17
Falls 1,95GG21S1,"1,497","1,482",15,639,235,169,108,77,50,2.32
Falls 2,95GG21S2,"1,752","1,699",53,675,187,207,127,82,72,2.52
Falls 3,95GG21S3,"1,935","1,898",37,948,432,263,133,75,45,2
Falls Park 1,95GG22S1,"1,687","1,687",0,733,275,200,112,83,63,2.3
Falls Park 2,95GG22S2,"1,935","1,894",41,814,317,196,129,93,79,2.33
Falls Park 3,95GG22S3,"1,721","1,709",12,661,191,178,121,93,78,2.59
Finaghy 1,95GG23S1,"1,418","1,418",0,566,115,232,89,92,38,2.51
Finaghy 2,95GG23S2,"1,552","1,496",56,579,178,141,100,95,65,2.58
Finaghy 3,95GG23S3,"1,585","1,585",0,676,197,250,102,74,53,2.34
Fortwilliam 1,95GG24S1,"1,388","1,286",102,612,260,180,74,63,35,2.1
Fortwilliam 2,95GG24S2,"1,540","1,540",0,712,259,246,99,69,39,2.16
Fortwilliam 3,95GG24S3,"1,633","1,538",95,621,195,172,93,108,53,2.48
Glen Road 1,95GG25S1,"2,158","2,112",46,868,280,245,147,116,80,2.43
Glen Road 2,95GG25S2,"1,839","1,839",0,716,224,191,118,85,98,2.57
Glen Road 3,95GG25S3,"1,576","1,576",0,610,164,180,109,93,64,2.58
Glencairn 1,95GG26S1,"1,995","1,948",47,848,273,274,148,102,51,2.3
Glencairn 2,95GG26S2,"1,754","1,727",27,806,290,274,136,63,43,2.14
Glencolin 1,95GG27S1,"1,548","1,500",48,487,85,122,93,92,95,3.08
Glencolin 2,95GG27S2,"1,614","1,614",0,607,169,151,117,92,78,2.66
Glencolin 3,95GG27S3,"1,705","1,705",0,727,241,225,120,77,64,2.35
Glencolin 4,95GG27S4,"1,631","1,587",44,646,191,211,107,70,67,2.46
Highfield 1,95GG28S1,"2,149","2,149",0,839,203,253,178,142,63,2.56
Highfield 2,95GG28S2,"1,733","1,717",16,712,195,239,134,97,47,2.41
Highfield 3,95GG28S3,"1,769","1,769",0,774,238,259,149,89,39,2.29
Island 1,95GG29S1,"2,257","2,257",0,"1,083",438,339,159,94,53,2.08
Island 2,95GG29S2,"2,757","2,747",10,"1,347",563,406,210,121,47,2.04
Knock 1,95GG30S1,"1,604","1,604",0,763,291,268,90,73,41,2.1
Knock 2,95GG30S2,"1,685","1,685",0,695,201,240,88,111,55,2.42
Knock 3,95GG30S3,"1,538","1,538",0,625,140,242,102,105,36,2.46
Ladybrook 1,95GG31S1,"2,227","2,227",0,793,152,232,169,129,111,2.81
Ladybrook 2,95GG31S2,"2,032","2,032",0,800,196,270,141,118,75,2.54
Ladybrook 3,95GG31S3,"2,260","2,260",0,870,219,270,184,95,102,2.6
Legoniel 1,95GG32S1,"3,232","3,232",0,"1,257",346,358,228,195,130,2.57
Legoniel 2,95GG32S2,"1,553","1,553",0,698,262,198,116,79,43,2.22
Legoniel 3,95GG32S3,"1,624","1,606",18,694,230,211,122,83,48,2.31
Malone 1,95GG33S1,"1,951","1,945",6,737,167,268,105,97,100,2.64
Malone 2,95GG33S2,"1,639","1,595",44,618,172,191,99,71,85,2.58
Malone 3,95GG33S3,"1,965","1,912",53,840,302,264,107,106,61,2.28
Musgrave 1,95GG34S1,"1,452","1,441",11,650,252,184,96,78,40,2.22
Musgrave 2,95GG34S2,"1,590","1,590",0,553,90,166,108,121,68,2.88
Musgrave 3,95GG34S3,"1,885","1,835",50,796,253,252,153,89,49,2.31
New Lodge 1,95GG35S1,"1,970","1,889",81,867,331,264,125,100,47,2.18
New Lodge 2,95GG35S2,"1,478","1,478",0,731,337,186,118,55,35,2.02
New Lodge 3,95GG35S3,"1,502","1,502",0,646,229,184,108,74,51,2.33
Orangefield 1,95GG36S1,"1,794","1,794",0,827,307,255,130,98,37,2.17
Orangefield 2,95GG36S2,"1,926","1,926",0,836,267,256,151,124,38,2.3
Orangefield 3,95GG36S3,"1,899","1,899",0,818,266,243,149,118,42,2.32
Ravenhill 1,95GG37S1,"2,082","1,972",110,779,192,260,131,136,60,2.53
Ravenhill 2,95GG37S2,"1,826","1,786",40,819,295,262,131,97,34,2.18
Ravenhill 3,95GG37S3,"2,133","2,133",0,"1,089",444,398,140,76,31,1.96
Rosetta 1,95GG38S1,"3,099","3,044",55,"1,369",482,430,219,167,71,2.22
Rosetta 2,95GG38S2,"1,880","1,752",128,853,366,264,99,77,47,2.05
Rosetta 3,95GG38S3,"1,585","1,583",2,693,251,199,102,89,52,2.28
Shaftesbury 1,95GG39S1,"2,409","2,401",8,"1,172",508,329,184,90,61,2.05
Shaftesbury 2,95GG39S2,"2,711","2,709",2,"1,402",663,425,163,86,65,1.93
Shaftesbury 3,95GG39S3,"2,094","2,062",32,"1,042",496,271,151,70,54,1.98
Shankill 1,95GG40S1,"1,697","1,697",0,802,317,235,139,75,36,2.12
Shankill 2,95GG40S2,"2,119","2,008",111,"1,059",539,268,134,78,40,1.9
Stormont 1,95GG41S1,"1,926","1,891",35,789,193,307,124,120,45,2.4
Stormont 2,95GG41S2,"1,524","1,524",0,596,155,194,88,98,61,2.56
Stormont 3,95GG41S3,"2,098","1,857",241,788,257,246,104,121,60,2.36
Stranmillis 1,95GG42S1,"1,826","1,826",0,689,163,232,107,95,92,2.65
Stranmillis 2,95GG42S2,"1,784",516,"1,268",209,72,54,22,43,18,2.47
Stranmillis 3,95GG42S3,"2,261","2,003",258,740,197,196,124,108,115,2.71
Stranmillis 4,95GG42S4,"2,268","2,247",21,968,309,317,150,139,53,2.32
Sydenham 1,95GG43S1,"1,480","1,424",56,720,312,231,91,60,26,1.98
Sydenham 2,95GG43S2,"1,670","1,635",35,734,224,273,118,93,26,2.23
Sydenham 3,95GG43S3,"1,724","1,724",0,862,353,296,111,74,28,2
The Mount 1,95GG44S1,"2,864","2,864",0,"1,390",584,415,216,110,65,2.06
The Mount 2,95GG44S2,"2,727","2,727",0,"1,315",567,396,182,94,76,2.07
Upper Malone 1,95GG45S1,"1,670","1,646",24,694,176,289,100,73,56,2.37
Upper Malone 2,95GG45S2,"1,554","1,554",0,686,244,185,143,73,41,2.27
Upper Malone 3,95GG45S3,"1,617","1,617",0,749,292,224,106,87,40,2.16
Upper Springfield 1,95GG46S1,"1,712","1,712",0,663,176,175,147,105,60,2.58
Upper Springfield 2,95GG46S2,"1,874","1,828",46,646,127,185,133,115,86,2.83
Upper Springfield 3,95GG46S3,"1,664","1,664",0,623,182,176,84,90,91,2.67
Water Works 1,95GG47S1,"2,314","2,270",44,"1,025",466,234,128,98,99,2.21
Water Works 2,95GG47S2,"1,717","1,696",21,801,349,211,117,66,58,2.12
Water Works 3,95GG47S3,"1,798","1,798",0,815,344,202,127,87,55,2.21
Whiterock 1,95GG48S1,"1,615","1,612",3,620,158,183,134,80,65,2.6
Whiterock 2,95GG48S2,"2,411","2,321",90,842,187,229,192,125,109,2.76
Whiterock 3,95GG48S3,"1,668","1,668",0,589,133,155,132,81,88,2.83
Windsor 1,95GG49S1,"1,662","1,617",45,748,302,235,82,64,65,2.16
Windsor 2,95GG49S2,"2,270","2,214",56,948,299,311,166,103,69,2.34
Windsor 3,95GG49S3,"2,142","2,139",3,821,259,231,126,111,94,2.61
Windsor 4,95GG49S4,"2,067","2,066",1,834,274,232,144,98,86,2.48
Woodstock 1,95GG50S1,"1,499","1,499",0,764,325,263,98,46,32,1.96
Woodstock 2,95GG50S2,"2,061","2,061",0,972,384,300,147,94,47,2.12
Woodstock 3,95GG50S3,"1,885","1,885",0,917,381,276,142,80,38,2.06
Woodvale 1,95GG51S1,"1,353","1,353",0,683,291,223,90,59,20,1.98
Woodvale 2,95GG51S2,"1,399","1,399",0,710,324,210,87,60,29,1.97
Woodvale 3,95GG51S3,"1,336","1,321",15,688,328,189,99,51,21,1.92
Blackhead,95HH01W1,"2,059","1,981",78,890,292,310,144,95,49,2.23
Bluefield 1,95HH02S1,"1,358","1,358",0,522,110,180,94,100,38,2.6
Bluefield 2,95HH02S2,"1,604","1,604",0,541,62,156,125,146,52,2.96
Boneybefore,95HH03W1,"1,663","1,663",0,726,207,282,116,80,41,2.29
Burleigh Hill 1,95HH04S1,"1,709","1,709",0,645,124,210,132,134,45,2.65
Burleigh Hill 2,95HH04S2,"1,358","1,358",0,515,90,175,116,105,29,2.64
Clipperstown,95HH05W1,"2,171","2,171",0,908,254,297,184,114,59,2.39
Eden 1,95HH06S1,"2,231","2,231",0,762,133,189,145,208,87,2.93
Eden 2,95HH06S2,"2,566","2,557",9,920,169,287,163,205,96,2.78
Gortalee,95HH07W1,"1,493","1,493",0,733,313,215,114,55,36,2.04
Greenisland,95HH08W1,"2,619","2,553",66,"1,083",310,378,173,162,60,2.36
Killycrot,95HH09W1,"2,620","2,543",77,"1,423",731,418,163,80,31,1.79
Knockagh,95HH10W1,"2,489","2,488",1,945,188,330,182,159,86,2.63
Love Lane,95HH11W1,"1,417","1,366",51,655,252,211,106,60,26,2.09
Milebush,95HH12W1,"1,552","1,552",0,626,130,248,136,63,49,2.48
Northland,95HH13W1,"1,407","1,407",0,614,188,208,108,78,32,2.29
Sunnylands,95HH14W1,"1,530","1,530",0,764,319,250,111,52,32,2
Victoria (Carrickfergus LGD),95HH15W1,"2,630","2,585",45,"1,083",334,346,155,172,76,2.39
Whitehead,95HH16W1,"2,159","2,159",0,917,286,291,159,118,63,2.35
Woodburn,95HH17W1,"2,479","2,477",2,928,182,312,182,167,85,2.67
Ballyhanwood 1,95II01S1,"1,550","1,532",18,626,144,244,102,97,39,2.45
Ballyhanwood 2,95II01S2,"1,534","1,534",0,634,163,239,90,94,48,2.42
Beechill 1,95II02S1,"1,781","1,485",296,507,110,123,83,108,83,2.93
Beechill 2,95II02S2,"1,700","1,700",0,678,191,212,105,97,73,2.51
Beechill 3,95II02S3,"1,480","1,415",65,726,340,211,78,72,25,1.95
Cairnshill 1,95II03S1,"1,739","1,739",0,575,98,127,124,144,82,3.02
Cairnshill 2,95II03S2,"1,784","1,784",0,729,187,255,124,117,46,2.45
Carrowreagh 1,95II04S1,"2,352","2,293",59,864,171,285,160,182,66,2.65
Carrowreagh 2,95II04S2,"1,965","1,952",13,808,230,263,136,128,51,2.42
Carryduff East 1,95II05S1,"1,634","1,586",48,527,90,152,85,109,91,3.01
Carryduff East 2,95II05S2,"1,912","1,826",86,774,265,222,112,112,63,2.36
Carryduff West 1,95II06S1,"1,519","1,519",0,533,107,149,90,110,77,2.85
Carryduff West 2,95II06S2,"1,879","1,879",0,752,177,275,137,103,60,2.5
Cregagh,95II07W1,"2,090","2,077",13,991,436,264,133,109,49,2.1
Downshire,95II08W1,"2,417","2,417",0,"1,073",393,316,157,149,58,2.25
Dundonald 1,95II09S1,"1,950","1,934",16,865,305,268,129,119,44,2.24
Dundonald 2,95II09S2,"1,413","1,413",0,552,130,178,98,106,40,2.56
Enler,95II10W1,"2,592","2,592",0,"1,144",395,347,194,143,65,2.27
Galwally,95II11W1,"2,567","2,555",12,"1,055",259,400,173,152,71,2.42
Gilnahirk,95II12W1,"2,512","2,481",31,"1,007",267,340,153,183,64,2.46
Graham's Bridge,95II13W1,"2,702","2,701",1,"1,253",445,442,186,114,66,2.16
Hillfoot,95II14W1,"2,561","2,521",40,"1,026",251,374,177,150,74,2.46
Knockbracken 1,95II15S1,"1,793","1,793",0,660,138,198,125,137,62,2.72
Knockbracken 2,95II15S2,"1,564","1,564",0,659,178,255,104,68,54,2.37
Lisnasharragh,95II16W1,"2,126","2,126",0,890,257,289,165,119,60,2.39
Lower Braniel,95II17W1,"2,493","2,493",0,"1,190",450,402,170,124,44,2.09
Minnowburn,95II18W1,"2,226","2,226",0,"1,090",453,339,154,99,45,2.04
Moneyreagh 1,95II19S1,"1,826","1,826",0,633,106,205,105,127,90,2.88
Moneyreagh 2,95II19S2,"1,944","1,939",5,756,163,263,134,146,50,2.56
Newtownbreda,95II20W1,"2,780","2,743",37,"1,211",392,417,189,136,77,2.27
Tullycarnet,95II21W1,"2,419","2,419",0,"1,045",331,321,201,139,53,2.31
Upper Braniel,95II22W1,"2,248","2,248",0,990,315,339,155,128,53,2.27
Wynchurch,95II23W1,"2,190","2,190",0,910,273,288,146,134,69,2.41
Agivey,95JJ01W1,"2,499","2,495",4,892,167,303,161,148,113,2.8
Atlantic,95JJ02W1,"2,374","2,367",7,"1,074",369,382,148,105,70,2.2
Ballysally 1,95JJ03S1,"1,406","1,406",0,596,181,197,106,65,47,2.36
Ballysally 2,95JJ03S2,"1,064","1,064",0,427,118,133,73,72,31,2.49
Castlerock 1,95JJ04S1,"1,546","1,546",0,610,145,209,103,100,53,2.53
Castlerock 2,95JJ04S2,"1,565","1,565",0,669,195,237,104,91,42,2.34
Central (Coleraine LGD),95JJ05W1,"1,835","1,775",60,892,397,283,104,64,44,1.99
Churchland,95JJ06W1,"2,472","2,432",40,"1,063",386,299,166,137,75,2.29
Cross Glebe,95JJ07W1,"2,665","2,596",69,"1,092",316,356,209,137,74,2.38
Dundooan 1,95JJ08S1,"1,377","1,377",0,540,135,165,115,76,49,2.55
Dundooan 2,95JJ08S2,"1,899","1,720",179,647,150,187,126,120,64,2.66
Dunluce,95JJ09W1,"1,990","1,986",4,839,240,309,125,90,75,2.37
Garvagh,95JJ10W1,"2,795","2,795",0,"1,027",284,275,168,134,166,2.72
Hopefield 1,95JJ11S1,"1,821","1,821",0,724,176,262,122,101,63,2.52
Hopefield 2,95JJ11S2,"1,949","1,943",6,818,242,285,111,118,62,2.38
Kilrea,95JJ12W1,"2,724","2,709",15,"1,002",237,321,154,152,138,2.7
Knocklynn 1,95JJ13S1,"2,144","2,144",0,779,159,217,159,165,79,2.75
Knocklynn 2,95JJ13S2,"1,751","1,751",0,678,138,225,153,116,46,2.58
Macosquin,95JJ14W1,"2,325","2,325",0,849,171,277,152,150,99,2.74
Mount Sandel,95JJ15W1,"1,879","1,762",117,779,227,312,110,83,47,2.26
Portstewart,95JJ16W1,"1,799","1,755",44,916,436,271,112,58,39,1.92
Ringsend,95JJ17W1,"2,455","2,443",12,824,161,235,136,146,146,2.96
Royal Portrush,95JJ18W1,"2,032","1,937",95,975,464,272,97,85,57,1.99
Strand 1 (Coleraine LGD),95JJ19S1,"1,690","1,645",45,652,169,238,93,73,79,2.52
Strand 2 (Coleraine LGD),95JJ19S2,"1,252","1,251",1,476,131,127,86,70,62,2.63
The Cuts 1,95JJ20S1,"2,173","2,173",0,833,189,275,148,144,77,2.61
The Cuts 2,95JJ20S2,"1,919","1,919",0,785,199,273,137,127,49,2.44
University,95JJ21W1,"2,873","2,292",581,962,289,321,158,114,80,2.38
Waterside,95JJ22W1,"2,794","2,767",27,"1,088",244,405,183,152,104,2.54
Ardboe,95KK01W1,"2,578","2,578",0,836,172,199,127,151,187,3.08
Coagh,95KK02W1,"2,029","2,000",29,722,164,208,123,130,97,2.77
Dunnamore,95KK03W1,"2,357","2,344",13,704,130,150,99,127,198,3.33
Gortalowry,95KK04W1,"2,787","2,787",0,974,188,272,208,161,145,2.86
Killycolpy,95KK05W1,"2,616","2,587",29,803,153,165,127,174,184,3.22
Killymoon,95KK06W1,"1,885","1,885",0,737,199,230,121,111,76,2.56
Lissan,95KK07W1,"2,045","2,045",0,682,139,174,115,126,128,3
Moneymore,95KK08W1,"2,646","2,612",34,967,215,332,145,142,133,2.7
Newbuildings,95KK09W1,"2,187","2,154",33,947,330,303,134,111,69,2.27
Oaklands,95KK10W1,"2,181","2,181",0,699,147,157,92,134,169,3.12
Oldtown,95KK11W1,"2,373","2,373",0,982,303,291,172,132,84,2.42
Pomeroy,95KK12W1,"2,309","2,309",0,776,189,181,114,137,155,2.98
Sandholes,95KK13W1,"1,817","1,769",48,642,143,195,116,100,88,2.76
Stewartstown,95KK14W1,"2,041","2,041",0,703,161,190,106,121,125,2.9
The Loop,95KK15W1,"2,946","2,918",28,921,166,221,147,174,213,3.17
Tullagh,95KK16W1,"2,216","2,128",88,809,224,218,149,107,111,2.63
Aghagallon 1,95LL01S1,"2,488","2,488",0,802,141,190,143,166,162,3.1
Aghagallon 2,95LL01S2,"2,443","2,443",0,777,112,191,151,181,142,3.14
Annagh 1,95LL02S1,"1,612","1,612",0,623,152,195,114,98,64,2.59
Annagh 2,95LL02S2,"1,430","1,411",19,744,364,192,118,49,21,1.9
Ballybay,95LL03W1,"2,436","2,436",0,"1,092",403,333,167,119,70,2.23
Ballyoran,95LL04W1,"2,985","2,938",47,"1,090",243,329,207,189,122,2.7
Bleary 1,95LL05S1,"2,383","2,345",38,826,161,226,145,194,100,2.84
Bleary 2,95LL05S2,"1,736","1,736",0,628,136,193,116,101,82,2.76
Brownstown 1,95LL06S1,"1,654","1,654",0,654,159,215,123,103,54,2.53
Brownstown 2,95LL06S2,"1,718","1,674",44,754,242,256,145,77,34,2.22
Church,95LL07W1,"2,131","2,131",0,"1,001",400,300,145,102,54,2.13
Corcrain 1,95LL08S1,"1,649","1,649",0,605,168,140,120,93,84,2.73
Corcrain 2,95LL08S2,"1,671","1,651",20,721,262,198,130,70,61,2.29
Court 1,95LL09S1,"1,467","1,448",19,657,273,165,99,76,44,2.2
Court 2,95LL09S2,"1,683","1,565",118,738,332,186,102,55,63,2.12
Derrytrasna 1,95LL10S1,"3,074","3,074",0,974,138,235,186,233,182,3.16
Derrytrasna 2,95LL10S2,"2,401","2,401",0,767,126,197,140,141,163,3.13
Donaghcloney 1,95LL11S1,"1,538","1,538",0,585,125,198,101,110,51,2.63
Donaghcloney 2,95LL11S2,"2,451","2,428",23,839,128,258,168,189,96,2.89
Drumgask 1,95LL12S1,"2,929","2,929",0,"1,043",204,309,228,163,139,2.81
Drumgask 2,95LL12S2,"1,283","1,283",0,449,98,112,99,77,63,2.86
Drumgor 1,95LL13S1,"1,401","1,401",0,539,122,177,103,89,48,2.6
Drumgor 2,95LL13S2,"1,344","1,344",0,558,187,148,105,68,50,2.41
Drumnamoe 1,95LL14S1,"1,270","1,270",0,475,132,130,87,65,61,2.67
Drumnamoe 2,95LL14S2,"1,381","1,381",0,495,97,157,101,67,73,2.79
Edenderry 1,95LL15S1,"1,449","1,446",3,690,288,208,93,66,35,2.1
Edenderry 2,95LL15S2,"1,599","1,540",59,640,169,232,103,91,45,2.41
Kernan 1,95LL16S1,"2,791","2,789",2,"1,067",236,354,199,177,101,2.61
Kernan 2,95LL16S2,"3,316","3,256",60,"1,215",257,374,238,234,112,2.68
Killycomain,95LL17W1,"2,539","2,529",10,"1,106",338,381,188,143,56,2.29
Knocknashane 1,95LL18S1,"1,974","1,954",20,795,189,296,129,128,53,2.46
Knocknashane 2,95LL18S2,"1,377","1,377",0,536,101,213,102,79,41,2.57
Magheralin 1,95LL19S1,"2,283","2,283",0,855,176,276,158,166,79,2.67
Magheralin 2,95LL19S2,"2,865","2,865",0,"1,049",215,338,190,182,124,2.73
Mourneview,95LL20W1,"2,401","2,401",0,942,256,282,160,151,93,2.55
Parklake,95LL21W1,"3,983","3,983",0,"1,662",550,487,270,193,162,2.4
Taghnevan,95LL22W1,"3,728","3,728",0,"1,424",373,401,261,233,156,2.62
Tavanagh,95LL23W1,"2,157","2,157",0,973,355,294,157,111,56,2.22
The Birches 1,95LL24S1,"2,027","2,027",0,704,127,208,139,135,95,2.88
The Birches 2,95LL24S2,"1,742","1,716",26,608,124,183,120,88,93,2.82
Waringstown 1,95LL25S1,"2,583","2,583",0,"1,007",244,333,174,157,99,2.57
Waringstown 2,95LL25S2,"1,953","1,953",0,732,141,251,124,154,62,2.67
Woodville 1,95LL26S1,"1,519","1,517",2,761,348,210,109,62,32,1.99
Woodville 2,95LL26S2,"2,179","2,179",0,729,136,189,132,136,136,2.99
Altnagelvin 1,95MM01S1,"1,471","1,427",44,603,188,195,108,65,47,2.37
Altnagelvin 2,95MM01S2,"1,777","1,734",43,651,128,219,129,118,57,2.66
Altnagelvin 3,95MM01S3,"1,614","1,614",0,643,160,220,109,95,59,2.51
Ballynashallog 1,95MM02S1,"1,559","1,507",52,598,160,189,109,77,63,2.52
Ballynashallog 2,95MM02S2,"1,685","1,685",0,546,85,131,130,105,95,3.09
Banagher,95MM03W1,"3,508","3,508",0,"1,155",238,264,218,212,223,3.04
Beechwood,95MM04W1,"2,151","2,151",0,890,302,249,143,102,94,2.42
Brandywell,95MM05W1,"2,495","2,473",22,"1,062",426,252,155,119,110,2.33
Carn Hill 1,95MM06S1,"1,376","1,376",0,489,122,125,93,67,82,2.81
Carn Hill 2,95MM06S2,"1,227","1,176",51,460,124,133,93,65,45,2.56
Caw,95MM07W1,"2,601","2,578",23,"1,201",460,365,192,128,56,2.15
Clondermot 1,95MM08S1,"1,291","1,291",0,562,223,131,88,72,48,2.3
Clondermot 2,95MM08S2,"1,656","1,651",5,676,206,214,105,82,69,2.44
Claudy 1,95MM09S1,"1,588","1,588",0,584,141,169,102,91,81,2.72
Claudy 2,95MM09S2,"1,974","1,974",0,636,126,141,117,119,133,3.1
Creggan Central 1,95MM10S1,"1,456","1,456",0,495,107,132,88,80,88,2.94
Creggan Central 2,95MM10S2,"1,294","1,294",0,492,133,139,94,61,65,2.63
Creggan South,95MM11W1,"2,277","2,277",0,855,217,247,152,140,99,2.66
Crevagh 1,95MM12S1,"2,022","2,022",0,662,99,185,136,128,114,3.05
Crevagh 2,95MM12S2,"1,298","1,298",0,499,142,140,89,68,60,2.6
Crevagh 3,95MM12S3,"2,538","2,538",0,815,140,200,155,161,159,3.11
Culmore 1,95MM13S1,"1,205","1,205",0,401,59,115,90,68,69,3
Culmore 2,95MM13S2,"1,236","1,236",0,493,150,139,91,58,55,2.51
Culmore 3,95MM13S3,"1,569","1,569",0,551,105,168,100,101,77,2.85
Culmore 4,95MM13S4,"2,553","2,553",0,849,153,234,148,163,151,3.01
Culmore 5,95MM13S5,"2,309","2,309",0,696,100,130,126,186,154,3.32
Ebrington 1,95MM14S1,833,768,65,371,169,99,45,32,26,2.07
Ebrington 2,95MM14S2,"1,736","1,676",60,805,348,236,102,76,43,2.08
Eglinton 1,95MM15S1,"1,753","1,681",72,656,174,194,101,133,54,2.56
Eglinton 2,95MM15S2,"2,648","2,648",0,914,179,247,162,197,129,2.9
Enagh 1 (Derry LGD),95MM16S1,"2,407","2,407",0,913,241,261,150,160,101,2.64
Enagh 2 (Derry LGD),95MM16S2,"3,338","3,271",67,"1,166",227,362,215,201,161,2.81
Foyle Springs 1,95MM17S1,"1,962","1,962",0,610,77,148,133,136,116,3.22
Foyle Springs 2,95MM17S2,"1,787","1,787",0,737,237,214,119,107,60,2.42
Holly Mount 1,95MM18S1,"2,241","2,241",0,784,168,203,164,132,117,2.86
Holly Mount 2,95MM18S2,"2,939","2,875",64,982,191,240,194,210,147,2.93
Kilfennan 1,95MM19S1,"1,558","1,558",0,634,165,220,120,78,51,2.46
Kilfennan 2,95MM19S2,"1,486","1,486",0,635,224,178,93,93,47,2.34
Lisnagelvin 1,95MM20S1,"1,614","1,606",8,716,242,229,123,85,37,2.24
Lisnagelvin 2,95MM20S2,"1,752","1,752",0,753,238,246,134,80,55,2.33
New Buildings 1,95MM21S1,"1,644","1,619",25,611,143,176,118,117,57,2.65
New Buildings 2,95MM21S2,"1,762","1,762",0,643,124,208,121,116,74,2.74
Pennyburn 1,95MM22S1,"1,239","1,219",20,477,135,142,85,60,55,2.56
Pennyburn 2,95MM22S2,"1,253","1,253",0,496,140,155,83,66,52,2.53
Rosemount,95MM23W1,"2,521","2,476",45,"1,074",379,337,158,108,92,2.31
Shantallow East,95MM24W1,"2,503","2,503",0,892,187,272,170,136,127,2.81
Shantallow West 1,95MM25S1,"1,289","1,289",0,474,120,117,93,84,60,2.72
Shantallow West 2,95MM25S2,"1,458","1,458",0,504,97,141,102,88,76,2.89
Shantallow West 3,95MM25S3,"1,559","1,550",9,528,102,135,113,95,83,2.94
Shantallow West 4,95MM25S4,"2,057","2,057",0,682,135,156,147,125,119,3.02
Springtown 1,95MM26S1,"1,745","1,743",2,597,122,160,121,92,102,2.92
Springtown 2,95MM26S2,"1,386","1,386",0,459,74,136,86,85,78,3.02
Strand 1 (Derry LGD),95MM27S1,"2,002","1,945",57,"1,045",601,227,88,67,62,1.86
Strand 2 (Derry LGD),95MM27S2,"1,831","1,272",559,569,207,183,84,52,43,2.24
The Diamond,95MM28W1,"2,351","2,269",82,"1,095",525,259,136,95,80,2.07
Victoria (Derry LGD),95MM29W1,"3,410","3,408",2,"1,490",550,419,226,187,108,2.29
Westland,95MM30W1,"2,083","2,083",0,903,351,238,133,106,75,2.31
Ardglass 1,95NN01S1,"1,492","1,448",44,584,174,184,88,76,62,2.48
Ardglass 2,95NN01S2,"1,686","1,686",0,617,165,158,104,105,85,2.73
Audley's Acre,95NN02W1,"2,211","2,211",0,836,194,261,157,128,96,2.64
Ballymaglave 1,95NN03S1,"1,319","1,319",0,566,193,163,83,95,32,2.33
Ballymaglave 2,95NN03S2,"1,577","1,481",96,567,132,175,108,104,48,2.61
Ballymote,95NN04W1,"2,934","2,861",73,"1,175",363,348,204,159,101,2.43
Ballynahinch East,95NN05W1,"2,497","2,472",25,"1,075",371,319,178,135,72,2.3
Castlewellan 1,95NN06S1,"1,095","1,095",0,450,153,116,82,54,45,2.43
Castlewellan 2,95NN06S2,"2,447","2,355",92,787,172,177,138,154,146,2.99
Cathedral 1,95NN07S1,"1,687","1,687",0,595,112,157,144,109,73,2.84
Cathedral 2,95NN07S2,"1,571","1,541",30,651,242,163,99,85,62,2.37
Crossgar 1,95NN08S1,"1,501","1,501",0,566,119,180,119,93,55,2.65
Crossgar 2,95NN08S2,"1,768","1,768",0,630,134,182,122,97,95,2.81
Derryboy 1,95NN09S1,"1,695","1,684",11,587,99,177,115,117,79,2.87
Derryboy 2,95NN09S2,"1,326","1,298",28,505,123,161,91,82,48,2.57
Donard 1,95NN10S1,"1,507","1,425",82,669,267,217,70,76,39,2.13
Donard 2,95NN10S2,"1,686","1,686",0,621,139,201,97,102,82,2.71
Drumaness 1,95NN11S1,"1,784","1,784",0,637,119,208,119,105,86,2.8
Drumaness 2,95NN11S2,"2,092","2,092",0,660,108,161,109,142,140,3.17
Dundrum,95NN12W1,"2,851","2,851",0,"1,128",330,347,180,143,128,2.53
Dunmore,95NN13W1,"3,058","3,012",46,"1,064",197,329,193,203,142,2.83
Killough 1,95NN14S1,"1,781","1,781",0,652,175,179,100,92,106,2.73
Killough 2,95NN14S2,"1,778","1,561",217,553,116,157,103,98,79,2.82
Killyleagh,95NN15W1,"2,994","2,944",50,"1,230",393,366,218,143,110,2.39
Kilmore 1,95NN16S1,"1,601","1,545",56,547,101,177,89,104,76,2.82
Kilmore 2,95NN16S2,"1,693","1,693",0,581,100,184,95,116,86,2.91
Murlough,95NN17W1,"2,256","2,252",4,928,299,271,153,116,89,2.43
Quoile 1,95NN18S1,"1,179","1,179",0,534,204,153,91,54,32,2.21
Quoile 2,95NN18S2,"1,523","1,439",84,489,91,138,87,98,75,2.94
Saintfield 1,95NN19S1,"1,695","1,695",0,686,196,206,112,117,55,2.47
Saintfield 2,95NN19S2,"1,686","1,686",0,650,135,238,113,99,65,2.59
Seaforde,95NN20W1,"3,001","2,980",21,"1,073",248,311,183,166,165,2.78
Shimna,95NN21W1,"2,687","2,680",7,"1,151",404,340,173,134,100,2.33
Strangford,95NN22W1,"2,686","2,685",1,"1,003",249,296,174,151,133,2.68
Tollymore 1,95NN23S1,"1,566","1,562",4,513,122,114,71,96,110,3.04
Tollymore 2,95NN23S2,"1,821","1,775",46,646,149,194,115,90,98,2.75
Altmore,95OO01W1,"2,592","2,546",46,809,167,193,111,148,190,3.15
Augher,95OO02W1,"2,166","2,166",0,703,149,176,103,117,158,3.08
Aughnacloy,95OO03W1,"2,651","2,621",30,914,206,233,168,161,146,2.87
Ballygawley,95OO04W1,"2,515","2,507",8,877,216,216,151,145,149,2.86
Ballysaggart,95OO05W1,"2,730","2,688",42,"1,021",285,268,197,130,141,2.63
Benburb,95OO06W1,"2,860","2,860",0,941,178,247,165,161,190,3.04
Caledon,95OO07W1,"2,510","2,510",0,854,202,213,142,136,161,2.94
Castlecaulfield,95OO08W1,"2,713","2,674",39,887,179,213,154,167,174,3.01
Clogher,95OO09W1,"2,252","2,223",29,744,181,176,124,108,155,2.99
Coalisland North,95OO10W1,"3,530","3,460",70,"1,163",238,292,210,205,218,2.98
Coalisland South,95OO11W1,"2,485","2,485",0,956,288,252,164,127,125,2.6
Coalisland West and Newmills,95OO12W1,"2,803","2,788",15,999,216,276,195,173,139,2.79
Coolhill,95OO13W1,"2,716","2,667",49,976,231,269,187,161,128,2.73
Donaghmore,95OO14W1,"2,588","2,588",0,866,182,250,118,146,170,2.99
Drumglass,95OO15W1,"2,357","2,353",4,870,231,226,152,146,115,2.7
Fivemiletown,95OO16W1,"2,114","2,114",0,853,249,273,122,125,84,2.48
Killyman,95OO17W1,"2,724","2,724",0,978,204,297,172,176,129,2.79
Killymeal,95OO18W1,"2,891","2,891",0,"1,099",306,300,184,175,134,2.63
Moy,95OO19W1,"3,009","2,989",20,"1,046",246,257,177,203,163,2.86
Moygashel,95OO20W1,"2,189","2,155",34,854,254,258,122,122,98,2.52
Mullaghmore,95OO21W1,"2,351","2,351",0,904,279,241,143,106,135,2.6
Washing Bay,95OO22W1,"3,106","3,102",4,956,169,215,163,183,226,3.24
Ballinamallard,95PP01W1,"2,586","2,586",0,950,243,267,142,158,140,2.72
Belcoo and Garrison,95PP02W1,"2,541","2,541",0,933,274,245,127,148,139,2.72
Belleek and Boa,95PP03W1,"2,540","2,512",28,971,303,263,146,139,120,2.59
Boho Cleenish and Letterbreen,95PP04W1,"3,185","3,171",14,"1,081",230,279,179,212,181,2.93
Brookeborough,95PP05W1,"2,367","2,329",38,822,192,229,134,144,123,2.83
Castlecoole 1,95PP06S1,"1,992","1,953",39,780,207,238,160,116,59,2.5
Castlecoole 2,95PP06S2,"1,884","1,840",44,774,256,228,109,125,56,2.38
Derrygonnelly,95PP07W1,"2,812","2,728",84,987,250,269,159,158,151,2.76
Derrylin,95PP08W1,"2,678","2,678",0,960,244,243,167,158,148,2.79
Devenish,95PP09W1,"1,707","1,607",100,757,303,226,111,80,37,2.12
Donagh,95PP10W1,"2,387","2,387",0,798,150,234,132,128,154,2.99
Erne,95PP11W1,"2,627","2,553",74,"1,040",305,340,161,132,102,2.45
Florence Court and Kinawley,95PP12W1,"2,630","2,602",28,891,199,232,158,143,159,2.92
Irvinestown,95PP13W1,"2,588","2,585",3,"1,060",364,286,157,134,119,2.44
Kesh Ederney and Lack 1,95PP14S1,"1,555","1,555",0,556,163,138,79,74,102,2.8
Kesh Ederney and Lack 2,95PP14S2,"2,097","2,046",51,791,210,257,106,130,88,2.59
Lisbellaw,95PP15W1,"3,190","3,182",8,"1,089",236,304,155,219,175,2.92
Lisnarrick,95PP16W1,"1,908","1,877",31,705,167,246,102,103,87,2.66
Lisnaskea,95PP17W1,"2,580","2,486",94,"1,028",338,299,173,108,110,2.42
Maguiresbridge,95PP18W1,"3,131","3,117",14,"1,093",232,319,182,199,161,2.85
Newtownbutler,95PP19W1,"2,502","2,502",0,933,256,240,166,142,129,2.68
Portora,95PP20W1,"3,117","3,103",14,"1,379",526,401,208,151,93,2.25
Rosslea,95PP21W1,"2,167","2,167",0,783,200,198,152,112,121,2.77
Rossorry,95PP22W1,"2,444","2,442",2,"1,010",309,315,164,134,88,2.42
Tempo,95PP23W1,"2,590","2,515",75,898,199,253,167,142,137,2.8
Antiville,95QQ01W1,"1,483","1,483",0,707,263,245,114,56,29,2.1
Ballycarry,95QQ02W1,"2,582","2,582",0,996,223,353,159,159,102,2.59
Ballyloran,95QQ03W1,"1,096","1,096",0,507,168,183,85,52,19,2.16
Blackcave,95QQ04W1,"1,635","1,635",0,692,190,252,126,74,50,2.36
Carncastle,95QQ05W1,"2,875","2,872",3,"1,127",250,391,203,205,78,2.55
Carnlough,95QQ06W1,"2,041","2,005",36,754,195,216,129,118,96,2.66
Central (Larne LGD),95QQ07W1,"1,817","1,775",42,919,433,276,112,53,45,1.93
Craigy Hill,95QQ08W1,"1,455","1,455",0,698,280,224,99,60,35,2.08
Gardenmore,95QQ09W1,"1,916","1,846",70,838,285,282,144,88,39,2.2
Glenarm,95QQ10W1,"1,851","1,851",0,688,171,213,105,107,92,2.69
Glynn,95QQ11W1,"2,027","2,027",0,776,186,247,130,142,71,2.61
Harbour,95QQ12W1,"1,811","1,697",114,758,258,257,106,92,45,2.24
Island Magee,95QQ13W1,"2,568","2,568",0,"1,031",234,374,194,158,71,2.49
Kilwaughter 1,95QQ14S1,"3,660","3,660",0,"1,366",259,430,300,267,110,2.68
Kilwaughter 2,95QQ14S2,"1,770","1,770",0,679,153,238,119,94,75,2.61
Town Parks,95QQ15W1,"1,593","1,592",1,761,294,255,106,70,36,2.09
Aghanloo 1,95RR01S1,"2,491","2,491",0,853,130,243,167,219,94,2.92
Aghanloo 2,95RR01S2,"1,876","1,876",0,649,112,196,113,141,87,2.89
Ballykelly,95RR02W1,"1,753","1,751",2,647,141,195,138,101,72,2.71
Coolessan,95RR03W1,"1,422","1,422",0,617,227,170,104,63,53,2.3
Dungiven,95RR04W1,"2,022","2,022",0,752,192,217,139,98,106,2.69
Enagh 1 (Limavady LGD),95RR05S1,"1,275","1,275",0,475,88,167,90,82,48,2.68
Enagh 2 (Limavady LGD),95RR05S2,"1,212","1,194",18,491,137,159,84,78,33,2.43
Feeny,95RR06W1,"2,206","2,206",0,708,138,172,119,130,149,3.12
Forest,95RR07W1,"2,449","2,449",0,859,150,264,167,174,104,2.85
Glack,95RR08W1,"2,106","2,106",0,713,119,201,146,131,116,2.95
Gresteel 1,95RR09S1,"2,146","2,146",0,764,175,206,145,128,110,2.81
Gresteel 2,95RR09S2,"1,525","1,525",0,617,169,208,105,76,59,2.47
Greystone (Limavady LGD),95RR10W1,"1,338","1,338",0,582,188,194,94,68,38,2.3
Magilligan,95RR11W1,"2,407","1,803",604,652,141,170,154,105,82,2.77
Rathbrady,95RR12W1,"1,452","1,452",0,606,153,234,104,76,39,2.4
Roeside,95RR13W1,"1,429","1,367",62,657,281,204,72,62,38,2.08
The Highlands,95RR14W1,"1,969","1,969",0,654,119,176,125,110,124,3.01
Upper Glenshane,95RR15W1,"2,458","2,458",0,802,151,186,153,161,151,3.06
Ballinderry 1,95SS01S1,"2,263","1,920",343,666,100,231,128,115,92,2.88
Ballinderry 2,95SS01S2,"2,865","2,830",35,"1,015",193,306,200,194,122,2.79
Ballymacash 1,95SS02S1,"2,233","2,205",28,866,194,311,154,135,72,2.55
Ballymacash 2,95SS02S2,"2,054","2,013",41,664,82,193,131,160,98,3.03
Ballymacbrennan 1,95SS03S1,"1,580","1,580",0,547,75,195,94,112,71,2.89
Ballymacbrennan 2,95SS03S2,"1,792","1,790",2,642,107,227,113,120,75,2.79
Ballymacoss 1,95SS04S1,"2,325","2,315",10,845,174,227,191,177,76,2.74
Ballymacoss 2,95SS04S2,"1,885","1,885",0,799,244,257,142,97,59,2.36
Ballymacoss 3,95SS04S3,"3,362","3,352",10,"1,291",333,378,237,222,121,2.6
Blaris 1,95SS05S1,"1,572","1,572",0,736,264,254,110,81,27,2.14
Blaris 2,95SS05S2,"1,803","1,803",0,705,130,296,110,114,55,2.56
Collin Glen 1,95SS06S1,"1,565","1,565",0,498,76,120,117,91,94,3.14
Collin Glen 2,95SS06S2,"2,365","2,365",0,773,122,184,198,157,112,3.06
Collin Glen 3,95SS06S3,"1,969","1,969",0,664,101,184,177,110,92,2.97
Derryaghy 1,95SS07S1,"3,775","3,775",0,"1,181",133,279,300,253,216,3.2
Derryaghy 2,95SS07S2,"1,697","1,697",0,527,75,101,118,139,94,3.22
Derryaghy 3,95SS07S3,"3,992","3,872",120,"1,698",604,512,248,218,116,2.28
Dromara 1,95SS08S1,"1,974","1,934",40,680,99,232,125,145,79,2.84
Dromara 2,95SS08S2,"2,724","2,724",0,990,183,322,204,163,118,2.75
Drumbo 1,95SS09S1,"1,697","1,697",0,714,206,262,94,94,58,2.38
Drumbo 2,95SS09S2,"1,667","1,667",0,620,130,210,115,98,67,2.69
Dunmurry 1,95SS10S1,"2,199","2,199",0,945,322,284,149,124,66,2.33
Dunmurry 2,95SS10S2,"2,180","2,136",44,662,102,146,117,151,146,3.23
Glenavy 1,95SS11S1,"2,946","2,946",0,947,158,241,160,200,188,3.11
Glenavy 2,95SS11S2,"2,751","2,751",0,916,157,256,158,199,146,3
Harmony Hill,95SS12W1,"3,054","3,054",0,"1,251",352,416,208,171,104,2.44
Hilden 1,95SS13S1,"1,528","1,528",0,711,271,221,112,74,33,2.15
Hilden 2,95SS13S2,"1,376","1,376",0,625,249,169,95,74,38,2.2
Hillhall 1,95SS14S1,"1,420","1,420",0,658,261,196,100,58,43,2.16
Hillhall 2,95SS14S2,"1,485","1,485",0,588,144,211,84,96,53,2.53
Hillsborough 1,95SS15S1,"1,793","1,793",0,759,210,270,128,103,48,2.36
Hillsborough 2,95SS15S2,"1,965","1,925",40,757,190,248,136,117,66,2.54
Kilwee 1,95SS16S1,"1,476","1,427",49,496,115,113,96,89,83,2.88
Kilwee 2,95SS16S2,"1,688","1,687",1,656,185,178,138,78,77,2.57
Knockmore 1,95SS17S1,"2,749","2,675",74,"1,104",299,373,193,174,65,2.42
Knockmore 2,95SS17S2,"1,549","1,549",0,645,196,197,130,78,44,2.4
Lagan Valley 1,95SS18S1,"1,415","1,415",0,613,211,191,91,73,47,2.31
Lagan Valley 2,95SS18S2,"1,638","1,526",112,729,306,212,99,81,31,2.09
Lambeg 1,95SS19S1,"1,305","1,305",0,619,231,213,88,60,27,2.11
Lambeg 2,95SS19S2,"1,432","1,432",0,617,205,182,113,78,39,2.32
Lisnagarvey,95SS20W1,"2,605","2,605",0,"1,096",284,431,162,143,76,2.38
Maghaberry 1,95SS21S1,"2,332","2,332",0,828,142,255,152,192,87,2.82
Maghaberry 2,95SS21S2,"2,384","2,382",2,828,111,308,141,159,109,2.88
Magheralave 1,95SS22S1,"1,603","1,603",0,600,104,204,132,114,46,2.67
Magheralave 2,95SS22S2,"1,687","1,642",45,654,151,245,112,84,62,2.51
Maze 1,95SS23S1,"2,158","2,155",3,894,238,327,133,133,63,2.41
Maze 2,95SS23S2,"1,658","1,658",0,638,156,192,120,109,61,2.6
Moira 1,95SS24S1,"2,822","2,757",65,"1,025",221,315,201,186,102,2.69
Moira 2,95SS24S2,"2,317","2,317",0,889,210,282,152,166,79,2.61
Old Warren,95SS25W1,"2,589","2,589",0,"1,117",374,338,188,136,81,2.32
Poleglass 1,95SS26S1,"1,986","1,986",0,708,141,201,176,103,87,2.81
Poleglass 2,95SS26S2,"1,795","1,795",0,606,83,181,140,114,88,2.96
Seymour Hill,95SS27W1,"2,502","2,471",31,"1,194",509,343,167,114,61,2.07
Tonagh,95SS28W1,"2,594","2,557",37,"1,071",341,323,191,132,84,2.39
Twinbrook 1,95SS29S1,"1,261","1,261",0,459,105,133,104,49,68,2.75
Twinbrook 2,95SS29S2,"1,386","1,386",0,572,172,188,93,63,56,2.42
Wallace Park 1,95SS30S1,"1,095",640,455,266,74,95,44,31,22,2.41
Wallace Park 2,95SS30S2,"2,283","2,230",53,859,179,317,129,155,79,2.6
Ballymaguigan,95TT01W1,"2,748","2,748",0,838,157,165,139,154,223,3.28
Bellaghy,95TT02W1,"2,685","2,685",0,857,153,220,135,159,190,3.13
Castledawson 1,95TT03S1,"1,586","1,586",0,601,132,213,107,74,75,2.64
Castledawson 2,95TT03S2,"1,743","1,707",36,574,133,141,82,104,114,2.97
Draperstown,95TT04W1,"2,984","2,984",0,"1,018",256,260,138,170,194,2.93
Glebe 1 (Magherafelt LGD),95TT05S1,"1,799","1,749",50,611,126,180,102,98,105,2.86
Glebe 2 (Magherafelt LGD),95TT05S2,"1,280","1,269",11,518,176,141,74,73,54,2.45
Gulladuff,95TT06W1,"2,723","2,723",0,886,185,219,132,152,198,3.07
Knockcloghrim,95TT07W1,"2,747","2,704",43,874,152,224,151,183,164,3.09
Lecumpher,95TT08W1,"2,724","2,724",0,851,138,208,140,188,177,3.2
Lower Glenshane 1,95TT09S1,"1,438","1,438",0,439,71,106,63,93,106,3.28
Lower Glenshane 2,95TT09S2,"1,479","1,479",0,435,70,85,81,76,123,3.4
Maghera,95TT10W1,"2,852","2,852",0,"1,056",235,343,184,159,135,2.7
Swatragh 1,95TT11S1,"1,699","1,641",58,488,70,125,83,75,135,3.36
Swatragh 2,95TT11S2,"1,592","1,592",0,457,74,100,61,82,140,3.48
Tobermore,95TT12W1,"2,641","2,641",0,898,198,223,153,176,148,2.94
Town Parks East 1,95TT13S1,"1,520","1,520",0,552,123,155,103,111,60,2.75
Town Parks East 2,95TT13S2,"1,398","1,398",0,555,168,161,84,80,62,2.52
Town Parks West,95TT14W1,"2,211","2,211",0,830,210,237,147,137,99,2.66
Upperlands,95TT15W1,"2,498","2,480",18,833,178,212,132,152,159,2.98
Valley,95TT16W1,"2,691","2,691",0,866,169,215,129,168,185,3.11
Dalriada,95UU06W1,"1,452","1,452",0,569,159,179,92,71,68,2.55
Glenariff,95UU09W1,"1,690","1,688",2,594,141,155,98,105,95,2.84
Knocklayd,95UU14W1,"1,732","1,723",9,718,232,213,109,101,63,2.4
Armoy and Moss-Side and Moyarget,95UU99C1,"2,045","2,042",3,744,182,217,118,129,98,2.74
Ballylough and Bushmills,95UU99C2,"1,781","1,777",4,789,269,270,102,95,53,2.25
Bonamargy and Rathlin and Glenshesk,95UU99C3,"1,872","1,795",77,736,252,226,91,68,99,2.44
Carnmoon and Dunseverick,95UU99C4,"1,806","1,802",4,680,164,209,121,104,82,2.65
Glenaan and Glendun,95UU99C5,"2,421","2,383",38,881,255,226,141,117,142,2.7
Glentaisie and Kinbane,95UU99C6,"2,251","2,245",6,897,296,238,136,122,105,2.5
Annalong 1,95VV01S1,"1,656","1,650",6,563,125,156,87,87,108,2.93
Annalong 2,95VV01S2,"1,555","1,555",0,608,172,178,101,87,70,2.56
Ballybot,95VV02W1,"2,192","2,182",10,985,393,274,138,111,69,2.22
Bessbrook,95VV03W1,"2,579","2,543",36,996,289,296,166,126,119,2.55
Binnian,95VV04W1,"3,138","3,138",0,"1,052",214,284,167,182,205,2.98
Burren and Kilbroney 1,95VV05S1,"1,964","1,949",15,611,108,139,101,126,137,3.19
Burren and Kilbroney 2,95VV05S2,"2,542","2,542",0,753,87,170,130,182,184,3.38
Camlough,95VV06W1,"3,482","3,482",0,"1,153",255,279,181,194,244,3.02
Clonallan 1,95VV07S1,"2,052","2,052",0,877,319,238,132,109,79,2.34
Clonallan 2,95VV07S2,"2,341","2,341",0,780,153,203,124,156,144,3
Creggan,95VV08W1,"3,088","3,052",36,"1,006",233,245,164,139,225,3.03
Crossmaglen,95VV09W1,"2,665","2,665",0,967,252,283,155,116,161,2.76
Daisy Hill 1,95VV10S1,"1,580","1,580",0,560,108,173,107,95,77,2.82
Daisy Hill 2,95VV10S2,"1,575","1,575",0,626,172,204,110,78,62,2.52
Derryleckagh 1,95VV11S1,"2,046","2,046",0,678,121,192,110,118,137,3.02
Derryleckagh 2,95VV11S2,"2,412","2,380",32,806,160,211,140,158,137,2.95
Derrymore 1,95VV12S1,"1,652","1,652",0,584,127,173,102,87,95,2.83
Derrymore 2,95VV12S2,"1,543","1,523",20,580,156,160,109,89,66,2.63
Donaghmore 1,95VV13S1,"2,057","2,057",0,630,110,137,104,124,155,3.27
Donaghmore 2,95VV13S2,"1,416","1,406",10,424,61,95,83,78,107,3.32
Drumalane 1,95VV14S1,"1,966","1,950",16,718,173,187,157,118,83,2.72
Drumalane 2,95VV14S2,"1,386","1,386",0,569,187,158,99,69,56,2.44
Drumgullion 1,95VV15S1,"1,419","1,419",0,555,149,167,106,74,59,2.56
Drumgullion 2,95VV15S2,"1,679","1,665",14,585,139,134,113,112,87,2.85
Fathom,95VV16W1,"3,110","3,110",0,"1,043",218,264,178,183,200,2.98
Forkhill 1,95VV17S1,"2,205","2,205",0,719,134,184,129,127,145,3.07
Forkhill 2,95VV17S2,"2,151","2,151",0,691,136,180,99,118,158,3.11
Kilkeel Central 1,95VV18S1,"1,862","1,862",0,705,183,202,124,114,82,2.64
Kilkeel Central 2,95VV18S2,"1,825","1,780",45,697,218,182,110,110,77,2.55
Kilkeel South 1,95VV19S1,"1,302","1,288",14,524,165,162,77,59,61,2.46
Kilkeel South 2,95VV19S2,"1,681","1,681",0,648,168,199,133,69,79,2.59
Lisnacree,95VV20W1,"2,990","2,990",0,925,166,228,160,149,222,3.23
Mayobridge 1,95VV21S1,"2,302","2,302",0,741,142,175,117,156,151,3.11
Mayobridge 2,95VV21S2,"1,735","1,735",0,512,74,116,72,112,138,3.39
Newtownhamilton,95VV22W1,"2,836","2,836",0,956,227,236,168,128,197,2.97
Rostrevor,95VV23W1,"2,893","2,876",17,"1,123",320,347,160,157,139,2.56
Seaview 1,95VV24S1,"1,532","1,479",53,591,194,159,84,81,73,2.5
Seaview 2,95VV24S2,"1,535","1,535",0,667,246,176,116,74,55,2.3
Silver Bridge 1,95VV25S1,"1,845","1,845",0,614,143,153,87,100,131,3
Silver Bridge 2,95VV25S2,"1,925","1,925",0,613,118,142,103,114,136,3.14
Spelga,95VV26W1,"3,583","3,583",0,"1,172",237,285,205,206,239,3.06
St Mary's,95VV27W1,"2,284","2,237",47,912,292,246,175,118,81,2.45
St Patrick's 1,95VV28S1,"2,210","2,157",53,801,214,201,159,128,99,2.69
St Patrick's 2,95VV28S2,"1,320","1,284",36,542,180,165,84,66,47,2.37
Tullyhappy,95VV29W1,"3,366","3,366",0,"1,071",194,272,181,173,251,3.14
Windsor Hill 1,95VV30S1,"1,614","1,564",50,573,122,188,100,83,80,2.73
Windsor Hill 2,95VV30S2,"1,389","1,341",48,525,150,142,98,83,52,2.55
Abbey 1,95WW01S1,"1,441","1,372",69,636,238,214,77,71,36,2.16
Abbey 2,95WW01S2,"1,373","1,370",3,621,219,198,97,78,29,2.21
Ballyclare North 1,95WW02S1,"1,786","1,737",49,742,234,229,127,108,44,2.34
Ballyclare North 2,95WW02S2,"2,065","2,039",26,791,179,259,156,139,58,2.58
Ballyclare South 1,95WW03S1,"1,627","1,616",11,767,296,247,121,68,35,2.11
Ballyclare South 2,95WW03S2,"2,011","2,011",0,816,217,255,156,141,47,2.46
Ballyduff 1,95WW04S1,"1,611","1,611",0,614,112,232,121,91,58,2.62
Ballyduff 2,95WW04S2,"1,255","1,255",0,484,88,173,114,75,34,2.59
Ballyhenry 1,95WW05S1,"1,517","1,517",0,580,128,178,127,97,50,2.62
Ballyhenry 2,95WW05S2,"1,255","1,236",19,577,226,182,75,61,33,2.14
Ballynure 1,95WW06S1,"1,525","1,525",0,580,121,187,120,105,47,2.63
Ballynure 2,95WW06S2,"1,622","1,601",21,618,123,226,104,119,46,2.59
Ballyrobert 1,95WW07S1,"1,809","1,809",0,677,139,225,118,130,65,2.67
Ballyrobert 2,95WW07S2,"2,446","2,378",68,925,198,316,172,178,61,2.57
Burnthill 1,95WW08S1,"1,219","1,219",0,465,79,181,86,84,35,2.62
Burnthill 2,95WW08S2,"1,340","1,340",0,572,153,224,88,67,40,2.34
Carnmoney 1,95WW09S1,"1,276","1,276",0,596,215,209,87,59,26,2.14
Carnmoney 2,95WW09S2,"1,258","1,258",0,515,98,232,78,79,28,2.44
Cloughfern 1,95WW10S1,"1,718","1,718",0,653,147,193,137,122,54,2.63
Cloughfern 2,95WW10S2,"1,228","1,228",0,523,144,193,83,75,28,2.35
Collinbridge 1,95WW11S1,"1,697","1,697",0,578,87,176,115,111,89,2.94
Collinbridge 2,95WW11S2,"1,381","1,381",0,528,116,182,100,75,55,2.62
Coole,95WW12W1,"2,409","2,377",32,"1,100",395,371,176,99,59,2.16
Doagh 1,95WW13S1,"1,840","1,840",0,752,177,275,138,123,39,2.45
Doagh 2,95WW13S2,"1,834","1,830",4,681,141,202,147,126,65,2.69
Dunanney,95WW14W1,"2,262","2,229",33,"1,043",400,326,172,86,59,2.14
Glebe 1 (Newtownabbey LGD),95WW15S1,"1,661","1,599",62,599,132,185,111,109,62,2.67
Glebe 2 (Newtownabbey LGD),95WW15S2,"1,655","1,655",0,630,121,216,131,111,51,2.63
Glengormley 1,95WW16S1,"1,668","1,636",32,621,132,213,112,105,59,2.63
Glengormley 2,95WW16S2,"1,297","1,297",0,639,253,214,106,41,25,2.03
Hawthorne,95WW17W1,"2,266","2,266",0,991,308,357,148,112,66,2.29
Hightown,95WW18W1,"2,237","2,228",9,"1,000",349,330,153,112,56,2.23
Jordanstown 1,95WW19S1,"1,872","1,872",0,754,186,266,122,124,56,2.48
Jordanstown 2,95WW19S2,"2,047","2,047",0,661,64,190,123,201,83,3.1
Jordanstown 3,95WW19S3,"2,306","2,306",0,789,124,237,144,175,109,2.92
Mallusk 1,95WW20S1,"1,827","1,827",0,680,143,218,123,122,74,2.69
Mallusk 2,95WW20S2,"4,574","4,574",0,"1,645",299,530,304,318,194,2.78
Mallusk 3,95WW20S3,"1,937","1,937",0,649,71,193,154,153,78,2.98
Monkstown 1,95WW21S1,"1,517","1,481",36,711,281,213,122,72,23,2.08
Monkstown 2,95WW21S2,"2,026","2,026",0,770,204,204,147,133,82,2.63
Mossley 1,95WW22S1,"1,414","1,414",0,538,114,177,97,108,42,2.63
Mossley 2,95WW22S2,"1,571","1,571",0,690,216,225,135,81,33,2.28
Rostulla 1,95WW23S1,"2,250","2,042",208,889,288,292,145,102,62,2.3
Rostulla 2,95WW23S2,"2,644","1,398","1,246",566,151,185,95,89,46,2.47
Valley 1,95WW24S1,"1,568","1,498",70,694,254,231,104,68,37,2.16
Valley 2,95WW24S2,"1,926","1,926",0,884,330,279,137,91,47,2.18
Whitehouse,95WW25W1,"2,071","2,071",0,"1,137",575,338,120,76,28,1.82
Ballycrochan 1,95XX01S1,"1,730","1,730",0,633,95,228,128,124,58,2.73
Ballycrochan 2,95XX01S2,"1,930","1,930",0,608,68,137,138,177,88,3.17
Ballycrochan 3,95XX01S3,"1,634","1,599",35,608,108,208,145,104,43,2.63
Ballyholme,95XX02W1,"2,652","2,573",79,"1,066",303,363,170,147,83,2.41
Ballymaconnell 1,95XX03S1,"1,246","1,246",0,498,110,191,81,83,33,2.5
Ballymaconnell 2,95XX03S2,"1,475","1,475",0,559,94,213,102,111,39,2.64
Ballymagee 1,95XX04S1,"1,748","1,687",61,663,143,229,132,120,39,2.54
Ballymagee 2,95XX04S2,"1,934","1,934",0,739,163,240,139,129,68,2.62
Bangor Castle,95XX05W1,"2,627","2,591",36,"1,238",436,467,170,124,41,2.09
Bloomfield 1 (North Down LGD),95XX06S1,"1,724","1,724",0,755,241,243,143,84,44,2.28
Bloomfield 2 (North Down LGD),95XX06S2,"2,054","2,054",0,843,254,239,148,148,54,2.44
Broadway 1,95XX07S1,"1,420","1,420",0,633,168,271,94,75,25,2.24
Broadway 2,95XX07S2,"1,425","1,425",0,645,251,190,72,90,42,2.21
Bryansburn 1,95XX08S1,"1,323","1,323",0,591,209,200,69,70,43,2.24
Bryansburn 2,95XX08S2,"1,267","1,267",0,582,186,224,81,70,21,2.18
Churchill 1,95XX09S1,"1,369","1,280",89,629,251,215,84,53,26,2.03
Churchill 2,95XX09S2,"1,448","1,429",19,626,203,205,96,88,34,2.28
Clandeboye 1,95XX10S1,"1,777","1,777",0,676,166,183,138,131,58,2.63
Clandeboye 2,95XX10S2,"1,862","1,840",22,678,136,210,122,151,59,2.71
Clandeboye 3,95XX10S3,"1,255","1,204",51,488,122,164,98,68,36,2.47
Conlig 1,95XX11S1,"2,449","2,443",6,998,247,363,178,143,67,2.45
Conlig 2,95XX11S2,"2,269","2,269",0,905,226,307,155,155,62,2.51
Conlig 3,95XX11S3,"1,545","1,535",10,718,260,242,109,78,29,2.14
Craigavad,95XX12W1,"2,540","2,430",110,"1,002",238,408,138,143,75,2.43
Crawfordsburn,95XX13W1,"2,770","2,735",35,"1,176",297,496,165,153,65,2.33
Cultra,95XX14W1,"2,477","2,403",74,955,222,364,145,135,89,2.52
Dufferin,95XX15W1,"2,449","2,433",16,"1,192",481,383,186,103,39,2.04
Groomsport,95XX16W1,"3,005","2,995",10,"1,392",420,610,160,147,55,2.15
Harbour 1,95XX17S1,"1,495","1,469",26,763,360,216,109,50,28,1.93
Harbour 2,95XX17S2,"1,527","1,527",0,662,223,208,105,77,49,2.31
Holywood Demesne,95XX18W1,"3,012","2,847",165,"1,348",553,414,165,139,77,2.11
Holywood Priory,95XX19W1,"2,675","2,633",42,"1,106",340,361,164,141,100,2.38
Loughview 1,95XX20S1,"1,981","1,945",36,909,356,264,158,82,49,2.14
Loughview 2,95XX20S2,"1,453","1,160",293,454,124,125,77,88,40,2.56
Princetown,95XX21W1,"2,846","2,713",133,"1,176",339,471,141,137,88,2.31
Rathgael,95XX22W1,"2,215","2,215",0,"1,010",328,374,148,114,46,2.19
Silverstream,95XX23W1,"3,155","3,065",90,"1,451",536,474,241,148,52,2.11
Springhill 1,95XX24S1,"1,336","1,336",0,540,109,205,125,71,30,2.47
Springhill 2,95XX24S2,"1,369","1,369",0,644,220,242,96,63,23,2.13
Whitehill,95XX25W1,"2,469","2,445",24,"1,096",406,313,181,134,62,2.23
Beragh,95YY01W1,"2,508","2,503",5,861,195,231,129,160,146,2.91
Camowen,95YY02W1,"2,283","2,151",132,883,275,264,142,125,77,2.44
Clanabogan,95YY03W1,"3,177","3,115",62,991,187,224,165,202,213,3.14
Coolnagard,95YY04W1,"3,489","3,433",56,"1,270",295,377,233,208,157,2.7
Dergmoney,95YY05W1,"1,675","1,630",45,745,281,244,93,79,48,2.19
Dromore,95YY06W1,"2,394","2,389",5,858,234,220,132,128,144,2.78
Drumnakilly,95YY07W1,"2,916","2,916",0,912,169,208,143,185,207,3.2
Drumquin,95YY08W1,"2,231","2,231",0,789,215,184,119,131,140,2.83
Drumragh,95YY09W1,"2,315","2,250",65,"1,014",363,304,168,128,51,2.22
Fairy Water,95YY10W1,"2,142","2,140",2,705,124,205,101,136,139,3.04
Fintona,95YY11W1,"2,046","2,046",0,820,273,227,110,104,106,2.5
Gortin,95YY12W1,"2,836","2,748",88,932,203,246,147,163,173,2.95
Gortrush 1,95YY13S1,"1,488","1,488",0,542,118,155,106,95,68,2.75
Gortrush 2,95YY13S2,"1,345","1,345",0,576,197,168,101,67,43,2.34
Killyclogher 1,95YY14S1,"1,532","1,530",2,559,148,140,99,92,80,2.74
Killyclogher 2,95YY14S2,"1,564","1,564",0,588,157,159,95,102,75,2.66
Lisanelly 1,95YY15S1,364,364,0,200,101,61,22,10,6,1.82
Lisanelly 2,95YY15S2,"1,669","1,669",0,689,253,157,119,95,65,2.42
Newtownsaville,95YY16W1,"2,392","2,390",2,798,164,207,125,142,160,2.99
Owenkillew,95YY17W1,"2,350","2,350",0,746,143,175,128,124,176,3.15
Sixmilecross,95YY18W1,"2,374","2,374",0,746,168,153,102,129,194,3.18
Strule,95YY19W1,"1,496","1,479",17,707,300,204,96,62,45,2.09
Termon,95YY20W1,"2,330","2,330",0,721,149,161,98,124,189,3.23
Trillick,95YY21W1,"2,440","2,437",3,791,180,167,126,139,179,3.08
Artigarvan,95ZZ01W1,"2,760","2,760",0,994,221,288,175,179,131,2.78
Ballycolman,95ZZ02W1,"1,827","1,827",0,751,194,250,173,82,52,2.43
Castlederg,95ZZ03W1,"2,109","2,073",36,884,332,238,130,92,92,2.35
Clare,95ZZ04W1,"2,670","2,628",42,911,209,230,157,159,156,2.88
Dunnamanagh,95ZZ05W1,"2,187","2,187",0,769,210,167,126,142,124,2.84
East,95ZZ06W1,"1,714","1,714",0,786,318,224,106,86,52,2.18
Finn,95ZZ07W1,"2,807","2,807",0,"1,010",247,253,181,186,143,2.78
Glenderg,95ZZ08W1,"2,593","2,587",6,934,270,230,139,140,155,2.77
Newtownstewart,95ZZ09W1,"2,269","2,243",26,881,252,256,149,126,98,2.55
North,95ZZ10W1,"3,179","3,169",10,"1,262",398,325,222,182,135,2.51
Plumbridge,95ZZ11W1,"2,223","2,223",0,745,183,174,95,141,152,2.98
Sion Mills,95ZZ12W1,"2,190","2,190",0,868,242,269,154,113,90,2.52
Slievekirk,95ZZ13W1,"2,533","2,533",0,879,182,264,133,153,147,2.88
South 1,95ZZ14S1,"1,876","1,779",97,617,114,173,128,113,89,2.88
South 2,95ZZ14S2,"1,356","1,356",0,494,101,154,83,96,60,2.74
Victoria Bridge,95ZZ15W1,"2,288","2,288",0,804,165,235,125,165,114,2.85
West 1,95ZZ16S1,"1,911","1,908",3,664,132,168,140,128,96,2.87
West 2,95ZZ16S2,"1,351","1,323",28,564,211,142,88,71,52,2.35