SOA,SOA Code,All usual residents: Aged 16+ years,Single (never married or never registered a same-sex civil partnership): Aged 16+ years,Married: Aged 16+ years,In a registered same-sex civil partnership: Aged 16+ years,Separated (but still legally married or still legally in a same-sex civil partnership): Aged 16+ years,Divorced or formerly in a same-sex civil partnership which is now legally dissolved: Aged 16+ years,Widowed or surviving partner from a same-sex civil partnership: Aged 16+ years,Single (never married or never registered a same-sex civil partnership): Aged 16+ years (%),Married: Aged 16+ years (%),In a registered same-sex civil partnership: Aged 16+ years (%),Separated (but still legally married or still legally in a same-sex civil partnership): Aged 16+ years (%),Divorced or formerly in a same-sex civil partnership which is now legally dissolved: Aged 16+ years (%),Widowed or surviving partner from a same-sex civil partnership: Aged 16+ years (%)
Aldergrove 1,95AA01S1,757,171,549,2,17,14,4,22.59,72.52,0.26,2.25,1.85,0.53
Aldergrove 2,95AA01S2,1393,402,841,0,43,40,67,28.86,60.37,0,3.09,2.87,4.81
Aldergrove 3,95AA01S3,1194,371,662,0,44,54,63,31.07,55.44,0,3.69,4.52,5.28
Balloo,95AA02W1,1468,513,620,0,75,109,151,34.95,42.23,0,5.11,7.43,10.29
Ballycraigy,95AA03W1,1436,515,568,0,93,136,124,35.86,39.55,0,6.48,9.47,8.64
Clady,95AA04W1,2373,722,1394,2,68,87,100,30.43,58.74,0.08,2.87,3.67,4.21
Cranfield,95AA05W1,2083,657,1164,0,51,83,128,31.54,55.88,0,2.45,3.98,6.14
Crumlin 1 (Antrim LGD),95AA06S1,1437,482,721,1,84,55,94,33.54,50.17,0.07,5.85,3.83,6.54
Crumlin 2 (Antrim LGD),95AA06S2,1909,665,991,2,86,74,91,34.83,51.91,0.1,4.5,3.88,4.77
Drumanaway,95AA07W1,1714,537,929,0,62,96,90,31.33,54.2,0,3.62,5.6,5.25
Farranshane,95AA08W1,1347,533,503,1,82,138,90,39.57,37.34,0.07,6.09,10.24,6.68
Fountain Hill,95AA09W1,1772,623,746,1,100,147,155,35.16,42.1,0.06,5.64,8.3,8.75
Greystone (Antrim LGD),95AA10W1,1551,555,733,0,72,97,94,35.78,47.26,0,4.64,6.25,6.06
Massereene 1,95AA11S1,2227,745,1079,9,83,121,190,33.45,48.45,0.4,3.73,5.43,8.53
Massereene 2,95AA11S2,1925,618,1096,2,69,80,60,32.1,56.94,0.1,3.58,4.16,3.12
Parkgate,95AA12W1,2162,564,1364,3,35,69,127,26.09,63.09,0.14,1.62,3.19,5.87
Randalstown 1,95AA13S1,1330,465,659,0,57,77,72,34.96,49.55,0,4.29,5.79,5.41
Randalstown 2,95AA13S2,1198,397,592,0,51,81,77,33.14,49.42,0,4.26,6.76,6.43
Shilvodan,95AA14W1,1852,526,1119,1,35,48,123,28.4,60.42,0.05,1.89,2.59,6.64
Springfarm 1,95AA15S1,2016,710,1045,0,94,108,59,35.22,51.84,0,4.66,5.36,2.93
Springfarm 2,95AA15S2,1134,466,447,1,66,109,45,41.09,39.42,0.09,5.82,9.61,3.97
Steeple,95AA16W1,1463,548,604,0,80,131,100,37.46,41.29,0,5.47,8.95,6.84
Stiles,95AA17W1,1669,589,753,2,84,151,90,35.29,45.12,0.12,5.03,9.05,5.39
Templepatrick,95AA18W1,2063,530,1230,2,51,88,162,25.69,59.62,0.1,2.47,4.27,7.85
Toome,95AA19W1,2006,766,1021,2,54,52,111,38.19,50.9,0.1,2.69,2.59,5.53
Ballygowan 1,95BB01S1,1242,347,738,2,24,62,69,27.94,59.42,0.16,1.93,4.99,5.56
Ballygowan 2,95BB01S2,1595,457,938,0,56,72,72,28.65,58.81,0,3.51,4.51,4.51
Ballyrainey,95BB02W1,2020,642,860,2,97,184,235,31.78,42.57,0.1,4.8,9.11,11.63
Ballywalter 1,95BB03S1,1614,452,839,4,71,114,134,28,51.98,0.25,4.4,7.06,8.3
Ballywalter 2,95BB03S2,1788,464,1048,0,52,111,113,25.95,58.61,0,2.91,6.21,6.32
Bradshaw's Brae 1,95BB04S1,1258,349,676,0,31,105,97,27.74,53.74,0,2.46,8.35,7.71
Bradshaw's Brae 2,95BB04S2,1356,301,862,2,31,56,104,22.2,63.57,0.15,2.29,4.13,7.67
Carrowdore 1,95BB05S1,1209,290,773,2,27,51,66,23.99,63.94,0.17,2.23,4.22,5.46
Carrowdore 2,95BB05S2,1550,431,900,0,44,86,89,27.81,58.06,0,2.84,5.55,5.74
Central (Ards LGD),95BB06W1,2484,940,876,8,130,255,275,37.84,35.27,0.32,5.23,10.27,11.07
Comber East 1,95BB07S1,1390,461,516,0,81,143,189,33.17,37.12,0,5.83,10.29,13.6
Comber East 2,95BB07S2,1055,285,629,0,23,55,63,27.01,59.62,0,2.18,5.21,5.97
Comber North 1,95BB08S1,1085,327,497,0,40,113,108,30.14,45.81,0,3.69,10.41,9.95
Comber North 2,95BB08S2,1017,250,656,0,27,44,40,24.58,64.5,0,2.65,4.33,3.93
Comber West 1,95BB09S1,1129,251,680,0,30,71,97,22.23,60.23,0,2.66,6.29,8.59
Comber West 2,95BB09S2,1378,413,759,4,30,92,80,29.97,55.08,0.29,2.18,6.68,5.81
Donaghadee North 1,95BB10S1,1462,436,635,0,77,147,167,29.82,43.43,0,5.27,10.05,11.42
Donaghadee North 2,95BB10S2,1366,310,892,0,31,52,81,22.69,65.3,0,2.27,3.81,5.93
Donaghadee South 1,95BB11S1,1122,340,521,0,60,128,73,30.3,46.43,0,5.35,11.41,6.51
Donaghadee South 2,95BB11S2,1358,362,686,2,44,96,168,26.66,50.52,0.15,3.24,7.07,12.37
Glen 1,95BB12S1,1115,445,438,0,49,115,68,39.91,39.28,0,4.39,10.31,6.1
Glen 2,95BB12S2,1062,276,650,0,28,51,57,25.99,61.21,0,2.64,4.8,5.37
Gregstown 1,95BB13S1,1050,314,581,0,38,79,38,29.9,55.33,0,3.62,7.52,3.62
Gregstown 2,95BB13S2,1197,358,635,0,39,79,86,29.91,53.05,0,3.26,6.6,7.18
Gregstown 3,95BB13S3,1201,325,731,2,37,63,43,27.06,60.87,0.17,3.08,5.25,3.58
Killinchy 1,95BB14S1,1234,316,769,0,19,52,78,25.61,62.32,0,1.54,4.21,6.32
Killinchy 2,95BB14S2,1299,345,732,6,25,79,112,26.56,56.35,0.46,1.92,6.08,8.62
Kircubbin 1,95BB15S1,1535,419,926,1,43,63,83,27.3,60.33,0.07,2.8,4.1,5.41
Kircubbin 2,95BB15S2,1164,434,527,1,39,80,83,37.29,45.27,0.09,3.35,6.87,7.13
Lisbane 1,95BB16S1,1281,345,812,2,21,34,67,26.93,63.39,0.16,1.64,2.65,5.23
Lisbane 2,95BB16S2,1290,287,832,0,23,60,88,22.25,64.5,0,1.78,4.65,6.82
Loughries 1,95BB17S1,1352,398,710,0,66,108,70,29.44,52.51,0,4.88,7.99,5.18
Loughries 2,95BB17S2,1359,395,715,0,58,85,106,29.07,52.61,0,4.27,6.25,7.8
Millisle 1,95BB18S1,1328,384,649,2,83,114,96,28.92,48.87,0.15,6.25,8.58,7.23
Millisle 2,95BB18S2,1980,470,1218,0,57,96,139,23.74,61.52,0,2.88,4.85,7.02
Movilla 1,95BB19S1,1318,365,709,1,38,76,129,27.69,53.79,0.08,2.88,5.77,9.79
Movilla 2,95BB19S2,1338,340,873,0,29,51,45,25.41,65.25,0,2.17,3.81,3.36
Movilla 3,95BB19S3,1063,286,654,0,33,49,41,26.9,61.52,0,3.1,4.61,3.86
Portaferry 1,95BB20S1,1499,489,798,0,36,56,120,32.62,53.24,0,2.4,3.74,8.01
Portaferry 2,95BB20S2,1230,463,546,0,56,69,96,37.64,44.39,0,4.55,5.61,7.8
Portavogie 1,95BB21S1,1853,498,1044,0,63,115,133,26.88,56.34,0,3.4,6.21,7.18
Portavogie 2,95BB21S2,1818,478,1083,0,53,87,117,26.29,59.57,0,2.92,4.79,6.44
Scrabo 1,95BB22S1,1145,374,563,3,62,93,50,32.66,49.17,0.26,5.41,8.12,4.37
Scrabo 2,95BB22S2,1093,421,412,0,72,111,77,38.52,37.69,0,6.59,10.16,7.04
Whitespots 1,95BB23S1,1303,309,823,6,28,50,87,23.71,63.16,0.46,2.15,3.84,6.68
Whitespots 2,95BB23S2,1228,338,732,0,24,54,80,27.52,59.61,0,1.95,4.4,6.51
Abbey Park,95CC01W1,2046,826,817,1,102,121,179,40.37,39.93,0.05,4.99,5.91,8.75
Ballymartrim,95CC02W1,2140,789,1133,2,51,52,113,36.87,52.94,0.09,2.38,2.43,5.28
Callan Bridge,95CC03W1,2141,946,739,0,158,144,154,44.18,34.52,0,7.38,6.73,7.19
Carrigatuke,95CC04W1,1879,703,949,0,51,41,135,37.41,50.51,0,2.71,2.18,7.18
Charlemont,95CC05W1,2112,705,1124,2,72,64,145,33.38,53.22,0.09,3.41,3.03,6.87
Demesne 1,95CC06S1,1173,346,678,0,26,47,76,29.5,57.8,0,2.22,4.01,6.48
Demesne 2,95CC06S2,1013,343,490,0,42,56,82,33.86,48.37,0,4.15,5.53,8.09
Derrynoose,95CC07W1,2554,973,1316,0,68,75,122,38.1,51.53,0,2.66,2.94,4.78
Downs,95CC08W1,1988,819,846,0,88,84,151,41.2,42.56,0,4.43,4.23,7.6
Hamiltonsbawn 1,95CC09S1,1164,337,723,0,16,22,66,28.95,62.11,0,1.37,1.89,5.67
Hamiltonsbawn 2,95CC09S2,1466,460,850,0,43,45,68,31.38,57.98,0,2.93,3.07,4.64
Hockley,95CC10W1,2101,651,1155,0,41,83,171,30.99,54.97,0,1.95,3.95,8.14
Keady,95CC11W1,1482,579,618,0,75,79,131,39.07,41.7,0,5.06,5.33,8.84
Killeen,95CC12W1,2119,689,1188,0,55,60,127,32.52,56.06,0,2.6,2.83,5.99
Killylea,95CC13W1,1923,652,1071,3,44,54,99,33.91,55.69,0.16,2.29,2.81,5.15
Laurelvale,95CC14W1,2328,630,1367,0,84,97,150,27.06,58.72,0,3.61,4.17,6.44
Loughgall,95CC15W1,2228,733,1216,0,60,68,151,32.9,54.58,0,2.69,3.05,6.78
Markethill,95CC16W1,2155,687,1118,0,86,107,157,31.88,51.88,0,3.99,4.97,7.29
Milford,95CC17W1,2117,738,1163,0,50,56,110,34.86,54.94,0,2.36,2.65,5.2
Observatory,95CC18W1,1899,620,909,4,71,122,173,32.65,47.87,0.21,3.74,6.42,9.11
Poyntz Pass,95CC19W1,2070,637,1167,2,43,91,130,30.77,56.38,0.1,2.08,4.4,6.28
Rich Hill 1,95CC20S1,997,250,605,0,30,45,67,25.08,60.68,0,3.01,4.51,6.72
Rich Hill 2,95CC20S2,1345,442,695,2,35,85,86,32.86,51.67,0.15,2.6,6.32,6.39
Tandragee,95CC21W1,2289,683,1240,1,67,146,152,29.84,54.17,0.04,2.93,6.38,6.64
The Mall,95CC22W1,1466,534,547,0,72,134,179,36.43,37.31,0,4.91,9.14,12.21
Academy,95DD01W1,1765,450,1051,0,44,79,141,25.5,59.55,0,2.49,4.48,7.99
Ahoghill 1,95DD02S1,1182,343,617,2,64,70,86,29.02,52.2,0.17,5.41,5.92,7.28
Ahoghill 2,95DD02S2,1859,525,1085,0,63,87,99,28.24,58.36,0,3.39,4.68,5.33
Ardeevin,95DD03W1,2779,796,1567,3,105,134,174,28.64,56.39,0.11,3.78,4.82,6.26
Ballee,95DD04W1,1512,580,518,1,112,160,141,38.36,34.26,0.07,7.41,10.58,9.33
Ballykeel,95DD05W1,1330,535,532,0,76,120,67,40.23,40,0,5.71,9.02,5.04
Ballyloughan,95DD06W1,2216,566,1302,2,42,80,224,25.54,58.75,0.09,1.9,3.61,10.11
Broughshane 1,95DD07S1,1320,360,742,2,50,72,94,27.27,56.21,0.15,3.79,5.45,7.12
Broughshane 2,95DD07S2,1390,380,769,1,58,65,117,27.34,55.32,0.07,4.17,4.68,8.42
Castle Demesne,95DD08W1,1842,821,525,1,97,200,198,44.57,28.5,0.05,5.27,10.86,10.75
Craigywarren,95DD09W1,2059,551,1273,4,42,64,125,26.76,61.83,0.19,2.04,3.11,6.07
Cullybackey,95DD10W1,2297,750,1136,0,94,128,189,32.65,49.46,0,4.09,5.57,8.23
Dunclug,95DD11W1,1718,742,603,1,102,176,94,43.19,35.1,0.06,5.94,10.24,5.47
Dunminning,95DD12W1,2069,576,1270,2,28,66,127,27.84,61.38,0.1,1.35,3.19,6.14
Fair Green,95DD13W1,1435,553,570,2,86,95,129,38.54,39.72,0.14,5.99,6.62,8.99
Galgorm 1,95DD14S1,1252,343,718,0,44,65,82,27.4,57.35,0,3.51,5.19,6.55
Galgorm 2,95DD14S2,1348,341,857,0,40,46,64,25.3,63.58,0,2.97,3.41,4.75
Glenravel,95DD15W1,2606,890,1429,0,66,102,119,34.15,54.83,0,2.53,3.91,4.57
Glenwhirry,95DD16W1,2368,697,1403,2,55,84,127,29.43,59.25,0.08,2.32,3.55,5.36
Grange,95DD17W1,2658,816,1605,0,49,70,118,30.7,60.38,0,1.84,2.63,4.44
Harryville,95DD18W1,1635,531,742,0,76,140,146,32.48,45.38,0,4.65,8.56,8.93
Kells 1,95DD19S1,1472,424,763,1,72,94,118,28.8,51.83,0.07,4.89,6.39,8.02
Kells 2,95DD19S2,1189,290,740,0,40,50,69,24.39,62.24,0,3.36,4.21,5.8
Moat,95DD20W1,1442,559,500,2,87,179,115,38.77,34.67,0.14,6.03,12.41,7.98
Park,95DD21W1,1744,626,830,2,70,90,126,35.89,47.59,0.11,4.01,5.16,7.22
Portglenone 1,95DD22S1,1275,430,698,2,29,46,70,33.73,54.75,0.16,2.27,3.61,5.49
Portglenone 2,95DD22S2,1244,391,669,0,36,62,86,31.43,53.78,0,2.89,4.98,6.91
Slemish,95DD23W1,2027,589,1187,0,33,81,137,29.06,58.56,0,1.63,4,6.76
Summerfield,95DD24W1,2152,717,1120,1,87,102,125,33.32,52.04,0.05,4.04,4.74,5.81
Ballyhoe and Corkey,95EE01W1,1421,493,791,4,32,35,66,34.69,55.67,0.28,2.25,2.46,4.64
Benvardin,95EE02W1,1644,530,890,2,55,80,87,32.24,54.14,0.12,3.35,4.87,5.29
Carnany,95EE03W1,1605,522,797,1,46,135,104,32.52,49.66,0.06,2.87,8.41,6.48
Clogh Mills,95EE04W1,1602,538,827,0,60,79,98,33.58,51.62,0,3.75,4.93,6.12
Dervock,95EE05W1,1243,368,670,0,41,71,93,29.61,53.9,0,3.3,5.71,7.48
Dunloy,95EE06W1,1700,610,915,0,45,50,80,35.88,53.82,0,2.65,2.94,4.71
Fairhill,95EE07W1,1407,423,724,0,47,97,116,30.06,51.46,0,3.34,6.89,8.24
Glebe,95EE08W1,1457,447,733,0,43,84,150,30.68,50.31,0,2.95,5.77,10.3
Killoquin Lower,95EE09W1,1500,510,800,0,29,56,105,34,53.33,0,1.93,3.73,7
Killoquin Upper,95EE10W1,1388,489,736,2,43,46,72,35.23,53.03,0.14,3.1,3.31,5.19
Knockaholet,95EE11W1,1339,437,737,2,35,52,76,32.64,55.04,0.15,2.61,3.88,5.68
Newhill,95EE12W1,1968,722,861,3,88,190,104,36.69,43.75,0.15,4.47,9.65,5.28
Route,95EE13W1,1280,423,581,1,58,82,135,33.05,45.39,0.08,4.53,6.41,10.55
Seacon,95EE14W1,2083,623,1158,1,70,112,119,29.91,55.59,0.05,3.36,5.38,5.71
Stranocum,95EE15W1,1357,430,772,0,29,46,80,31.69,56.89,0,2.14,3.39,5.9
The Vow,95EE16W1,1614,476,931,0,48,72,87,29.49,57.68,0,2.97,4.46,5.39
Ballydown 1,95FF01S1,1671,488,976,0,58,60,89,29.2,58.41,0,3.47,3.59,5.33
Ballydown 2,95FF01S2,1989,621,1147,3,52,98,68,31.22,57.67,0.15,2.61,4.93,3.42
Ballyward,95FF02W1,2105,656,1221,0,48,46,134,31.16,58,0,2.28,2.19,6.37
Banbridge West,95FF03W1,2304,840,1145,0,83,128,108,36.46,49.7,0,3.6,5.56,4.69
Bannside,95FF04W1,2038,612,1229,4,29,51,113,30.03,60.3,0.2,1.42,2.5,5.54
Dromore North,95FF05W1,2045,658,994,2,106,126,159,32.18,48.61,0.1,5.18,6.16,7.78
Dromore South 1,95FF06S1,1586,471,863,2,43,87,120,29.7,54.41,0.13,2.71,5.49,7.57
Dromore South 2,95FF06S2,1507,408,933,0,49,66,51,27.07,61.91,0,3.25,4.38,3.38
Edenderry,95FF07W1,2091,780,868,0,106,208,129,37.3,41.51,0,5.07,9.95,6.17
Fort,95FF08W1,1941,616,943,0,66,128,188,31.74,48.58,0,3.4,6.59,9.69
Gilford,95FF09W1,1935,636,976,0,85,119,119,32.87,50.44,0,4.39,6.15,6.15
Gransha,95FF10W1,2625,805,1532,4,59,122,103,30.67,58.36,0.15,2.25,4.65,3.92
Katesbridge,95FF11W1,2014,591,1213,3,35,55,117,29.34,60.23,0.15,1.74,2.73,5.81
Lawrencetown,95FF12W1,2184,750,1157,0,61,92,124,34.34,52.98,0,2.79,4.21,5.68
Loughbrickland,95FF13W1,2087,626,1195,1,50,98,117,30,57.26,0.05,2.4,4.7,5.61
Quilly,95FF14W1,1917,483,1229,2,27,60,116,25.2,64.11,0.1,1.41,3.13,6.05
Rathfriland,95FF15W1,2144,741,956,0,102,136,209,34.56,44.59,0,4.76,6.34,9.75
Seapatrick,95FF16W1,1910,537,1056,0,64,101,152,28.12,55.29,0,3.35,5.29,7.96
The Cut,95FF17W1,1434,535,566,4,83,114,132,37.31,39.47,0.28,5.79,7.95,9.21
Andersonstown 1,95GG01S1,1507,557,642,0,76,67,165,36.96,42.6,0,5.04,4.45,10.95
Andersonstown 2,95GG01S2,1293,507,437,0,93,66,190,39.21,33.8,0,7.19,5.1,14.69
Andersonstown 3,95GG01S3,1351,582,503,0,72,60,134,43.08,37.23,0,5.33,4.44,9.92
Ardoyne 1,95GG02S1,1326,677,299,0,135,93,122,51.06,22.55,0,10.18,7.01,9.2
Ardoyne 2,95GG02S2,1469,793,316,0,145,98,117,53.98,21.51,0,9.87,6.67,7.96
Ardoyne 3,95GG02S3,1659,871,318,2,192,136,140,52.5,19.17,0.12,11.57,8.2,8.44
Ballyhackamore 1,95GG03S1,1603,511,817,7,52,88,128,31.88,50.97,0.44,3.24,5.49,7.99
Ballyhackamore 2,95GG03S2,1520,511,781,4,31,78,115,33.62,51.38,0.26,2.04,5.13,7.57
Ballyhackamore 3,95GG03S3,1774,734,680,4,77,157,122,41.38,38.33,0.23,4.34,8.85,6.88
Ballymacarrett 1,95GG04S1,1356,663,332,2,126,112,121,48.89,24.48,0.15,9.29,8.26,8.92
Ballymacarrett 2,95GG04S2,1151,578,274,0,119,92,88,50.22,23.81,0,10.34,7.99,7.65
Ballymacarrett 3,95GG04S3,1355,636,353,3,81,156,126,46.94,26.05,0.22,5.98,11.51,9.3
Ballynafeigh 1,95GG05S1,1514,850,443,3,58,90,70,56.14,29.26,0.2,3.83,5.94,4.62
Ballynafeigh 2,95GG05S2,1721,1023,485,7,56,84,66,59.44,28.18,0.41,3.25,4.88,3.83
Ballynafeigh 3,95GG05S3,1808,1180,361,2,74,110,81,65.27,19.97,0.11,4.09,6.08,4.48
Ballysillan 1,95GG06S1,1529,653,548,2,79,109,138,42.71,35.84,0.13,5.17,7.13,9.03
Ballysillan 2,95GG06S2,1486,572,589,9,69,107,140,38.49,39.64,0.61,4.64,7.2,9.42
Ballysillan 3,95GG06S3,1488,542,694,0,64,87,101,36.42,46.64,0,4.3,5.85,6.79
Beechmount 1,95GG07S1,1487,722,472,1,95,89,108,48.55,31.74,0.07,6.39,5.99,7.26
Beechmount 2,95GG07S2,1399,746,332,4,129,95,93,53.32,23.73,0.29,9.22,6.79,6.65
Beechmount 3,95GG07S3,1356,646,412,0,132,74,92,47.64,30.38,0,9.73,5.46,6.78
Bellevue 1,95GG08S1,1113,360,582,2,48,39,82,32.35,52.29,0.18,4.31,3.5,7.37
Bellevue 2,95GG08S2,1371,630,425,8,98,111,99,45.95,31,0.58,7.15,8.1,7.22
Bellevue 3,95GG08S3,1386,629,495,3,90,95,74,45.38,35.71,0.22,6.49,6.85,5.34
Belmont 1,95GG09S1,1721,429,1020,2,38,79,153,24.93,59.27,0.12,2.21,4.59,8.89
Belmont 2,95GG09S2,1635,542,797,0,51,90,155,33.15,48.75,0,3.12,5.5,9.48
Belmont 3,95GG09S3,1662,688,602,4,83,170,115,41.4,36.22,0.24,4.99,10.23,6.92
Blackstaff 1,95GG10S1,1568,843,406,2,79,138,100,53.76,25.89,0.13,5.04,8.8,6.38
Blackstaff 2,95GG10S2,1820,1055,399,2,96,149,119,57.97,21.92,0.11,5.27,8.19,6.54
Bloomfield 1 (Belfast LGD),95GG11S1,1562,800,404,2,88,146,122,51.22,25.86,0.13,5.63,9.35,7.81
Bloomfield 2 (Belfast LGD),95GG11S2,1370,522,635,6,35,80,92,38.1,46.35,0.44,2.55,5.84,6.72
Bloomfield 3 (Belfast LGD),95GG11S3,1612,761,492,4,79,159,117,47.21,30.52,0.25,4.9,9.86,7.26
Botanic 1,95GG12S1,1453,1235,149,0,25,33,11,85,10.25,0,1.72,2.27,0.76
Botanic 2,95GG12S2,1855,1650,100,3,27,46,29,88.95,5.39,0.16,1.46,2.48,1.56
Botanic 3,95GG12S3,1394,1161,153,2,18,35,25,83.29,10.98,0.14,1.29,2.51,1.79
Botanic 4,95GG12S4,1636,1419,135,2,23,50,7,86.74,8.25,0.12,1.41,3.06,0.43
Botanic 5,95GG12S5,1733,1079,314,5,102,147,86,62.26,18.12,0.29,5.89,8.48,4.96
Castleview 1,95GG13S1,1089,434,371,0,70,98,116,39.85,34.07,0,6.43,9,10.65
Castleview 2,95GG13S2,1360,464,684,1,37,73,101,34.12,50.29,0.07,2.72,5.37,7.43
Castleview 3,95GG13S3,1371,511,560,5,70,103,122,37.27,40.85,0.36,5.11,7.51,8.9
Cavehill 1,95GG14S1,1292,397,707,0,44,45,99,30.73,54.72,0,3.41,3.48,7.66
Cavehill 2,95GG14S2,1294,434,721,0,30,41,68,33.54,55.72,0,2.32,3.17,5.26
Cavehill 3,95GG14S3,1304,429,698,2,40,50,85,32.9,53.53,0.15,3.07,3.83,6.52
Cherryvalley 1,95GG15S1,1610,366,956,2,25,51,210,22.73,59.38,0.12,1.55,3.17,13.04
Cherryvalley 2,95GG15S2,1677,511,863,0,40,110,153,30.47,51.46,0,2.39,6.56,9.12
Cherryvalley 3,95GG15S3,1614,515,702,3,52,151,191,31.91,43.49,0.19,3.22,9.36,11.83
Chichester Park 1,95GG16S1,1596,807,485,6,112,97,89,50.56,30.39,0.38,7.02,6.08,5.58
Chichester Park 2,95GG16S2,1581,744,526,10,87,95,119,47.06,33.27,0.63,5.5,6.01,7.53
Chichester Park 3,95GG16S3,1166,434,530,4,58,63,77,37.22,45.45,0.34,4.97,5.4,6.6
Cliftonville 1,95GG17S1,1450,689,488,3,105,72,93,47.52,33.66,0.21,7.24,4.97,6.41
Cliftonville 2,95GG17S2,1328,499,603,0,66,59,101,37.58,45.41,0,4.97,4.44,7.61
Cliftonville 3,95GG17S3,1270,506,451,3,97,104,109,39.84,35.51,0.24,7.64,8.19,8.58
Clonard 1,95GG18S1,1905,1000,427,1,184,140,153,52.49,22.41,0.05,9.66,7.35,8.03
Clonard 2,95GG18S2,1936,1090,396,2,179,144,125,56.3,20.45,0.1,9.25,7.44,6.46
Crumlin 1 (Belfast LGD),95GG19S1,1695,645,478,0,127,174,271,38.05,28.2,0,7.49,10.27,15.99
Crumlin 2 (Belfast LGD),95GG19S2,1924,914,504,2,174,158,172,47.51,26.2,0.1,9.04,8.21,8.94
Duncairn 1,95GG20S1,2375,1300,527,8,164,220,156,54.74,22.19,0.34,6.91,9.26,6.57
Duncairn 2,95GG20S2,1617,704,476,4,112,160,161,43.54,29.44,0.25,6.93,9.89,9.96
Falls 1,95GG21S1,1212,639,257,0,129,70,117,52.72,21.2,0,10.64,5.78,9.65
Falls 2,95GG21S2,1305,744,240,1,119,90,111,57.01,18.39,0.08,9.12,6.9,8.51
Falls 3,95GG21S3,1617,913,288,0,169,129,118,56.46,17.81,0,10.45,7.98,7.3
Falls Park 1,95GG22S1,1393,603,515,0,104,55,116,43.29,36.97,0,7.47,3.95,8.33
Falls Park 2,95GG22S2,1620,610,650,3,80,76,201,37.65,40.12,0.19,4.94,4.69,12.41
Falls Park 3,95GG22S3,1387,577,523,0,108,72,107,41.6,37.71,0,7.79,5.19,7.71
Finaghy 1,95GG23S1,1160,308,715,0,28,42,67,26.55,61.64,0,2.41,3.62,5.78
Finaghy 2,95GG23S2,1269,429,653,0,27,31,129,33.81,51.46,0,2.13,2.44,10.17
Finaghy 3,95GG23S3,1337,441,678,4,41,58,115,32.98,50.71,0.3,3.07,4.34,8.6
Fortwilliam 1,95GG24S1,1186,466,463,0,30,67,160,39.29,39.04,0,2.53,5.65,13.49
Fortwilliam 2,95GG24S2,1279,499,532,1,65,90,92,39.01,41.59,0.08,5.08,7.04,7.19
Fortwilliam 3,95GG24S3,1291,456,589,4,44,67,131,35.32,45.62,0.31,3.41,5.19,10.15
Glen Road 1,95GG25S1,1742,738,621,0,97,101,185,42.37,35.65,0,5.57,5.8,10.62
Glen Road 2,95GG25S2,1509,685,515,2,91,91,125,45.39,34.13,0.13,6.03,6.03,8.28
Glen Road 3,95GG25S3,1232,575,371,0,87,80,119,46.67,30.11,0,7.06,6.49,9.66
Glencairn 1,95GG26S1,1560,658,543,0,130,108,121,42.18,34.81,0,8.33,6.92,7.76
Glencairn 2,95GG26S2,1430,525,504,2,103,117,179,36.71,35.24,0.14,7.2,8.18,12.52
Glencolin 1,95GG27S1,1150,509,429,0,83,54,75,44.26,37.3,0,7.22,4.7,6.52
Glencolin 2,95GG27S2,1207,565,371,1,127,67,76,46.81,30.74,0.08,10.52,5.55,6.3
Glencolin 3,95GG27S3,1413,637,462,0,115,106,93,45.08,32.7,0,8.14,7.5,6.58
Glencolin 4,95GG27S4,1287,573,381,3,101,103,126,44.52,29.6,0.23,7.85,8,9.79
Highfield 1,95GG28S1,1651,541,869,5,65,75,96,32.77,52.63,0.3,3.94,4.54,5.81
Highfield 2,95GG28S2,1393,490,647,1,56,93,106,35.18,46.45,0.07,4.02,6.68,7.61
Highfield 3,95GG28S3,1349,596,419,0,121,117,96,44.18,31.06,0,8.97,8.67,7.12
Island 1,95GG29S1,1754,778,526,2,118,190,140,44.36,29.99,0.11,6.73,10.83,7.98
Island 2,95GG29S2,2238,1064,720,4,107,193,150,47.54,32.17,0.18,4.78,8.62,6.7
Knock 1,95GG30S1,1315,419,578,0,65,113,140,31.86,43.95,0,4.94,8.59,10.65
Knock 2,95GG30S2,1347,357,788,0,42,72,88,26.5,58.5,0,3.12,5.35,6.53
Knock 3,95GG30S3,1285,356,750,0,30,54,95,27.7,58.37,0,2.33,4.2,7.39
Ladybrook 1,95GG31S1,1760,661,877,0,82,55,85,37.56,49.83,0,4.66,3.13,4.83
Ladybrook 2,95GG31S2,1652,657,695,0,83,82,135,39.77,42.07,0,5.02,4.96,8.17
Ladybrook 3,95GG31S3,1703,807,544,1,132,106,113,47.39,31.94,0.06,7.75,6.22,6.64
Legoniel 1,95GG32S1,2308,1014,841,1,199,137,116,43.93,36.44,0.04,8.62,5.94,5.03
Legoniel 2,95GG32S2,1250,485,503,2,67,81,112,38.8,40.24,0.16,5.36,6.48,8.96
Legoniel 3,95GG32S3,1357,508,615,0,55,68,111,37.44,45.32,0,4.05,5.01,8.18
Malone 1,95GG33S1,1595,524,912,2,25,40,92,32.85,57.18,0.13,1.57,2.51,5.77
Malone 2,95GG33S2,1338,429,739,0,26,38,106,32.06,55.23,0,1.94,2.84,7.92
Malone 3,95GG33S3,1601,730,681,2,31,63,94,45.6,42.54,0.12,1.94,3.94,5.87
Musgrave 1,95GG34S1,1150,448,436,0,46,104,116,38.96,37.91,0,4,9.04,10.09
Musgrave 2,95GG34S2,1334,440,737,0,41,49,67,32.98,55.25,0,3.07,3.67,5.02
Musgrave 3,95GG34S3,1573,623,721,5,53,61,110,39.61,45.84,0.32,3.37,3.88,6.99
New Lodge 1,95GG35S1,1606,812,346,0,169,111,168,50.56,21.54,0,10.52,6.91,10.46
New Lodge 2,95GG35S2,1206,622,232,1,123,115,113,51.58,19.24,0.08,10.2,9.54,9.37
New Lodge 3,95GG35S3,1119,598,271,2,90,79,79,53.44,24.22,0.18,8.04,7.06,7.06
Orangefield 1,95GG36S1,1481,567,651,3,52,90,118,38.28,43.96,0.2,3.51,6.08,7.97
Orangefield 2,95GG36S2,1582,469,849,5,34,75,150,29.65,53.67,0.32,2.15,4.74,9.48
Orangefield 3,95GG36S3,1562,523,799,6,37,71,126,33.48,51.15,0.38,2.37,4.55,8.07
Ravenhill 1,95GG37S1,1714,663,851,4,34,52,110,38.68,49.65,0.23,1.98,3.03,6.42
Ravenhill 2,95GG37S2,1545,700,612,6,31,83,113,45.31,39.61,0.39,2.01,5.37,7.31
Ravenhill 3,95GG37S3,1859,1096,518,1,49,98,97,58.96,27.86,0.05,2.64,5.27,5.22
Rosetta 1,95GG38S1,2633,1269,993,2,79,127,163,48.2,37.71,0.08,3,4.82,6.19
Rosetta 2,95GG38S2,1591,801,514,6,53,84,133,50.35,32.31,0.38,3.33,5.28,8.36
Rosetta 3,95GG38S3,1287,493,587,0,34,47,126,38.31,45.61,0,2.64,3.65,9.79
Shaftesbury 1,95GG39S1,2034,1179,492,3,138,121,101,57.96,24.19,0.15,6.78,5.95,4.97
Shaftesbury 2,95GG39S2,2327,1339,472,1,144,220,151,57.54,20.28,0.04,6.19,9.45,6.49
Shaftesbury 3,95GG39S3,1773,1023,347,1,101,141,160,57.7,19.57,0.06,5.7,7.95,9.02
Shankill 1,95GG40S1,1294,577,358,1,118,109,131,44.59,27.67,0.08,9.12,8.42,10.12
Shankill 2,95GG40S2,1726,780,410,2,136,196,202,45.19,23.75,0.12,7.88,11.36,11.7
Stormont 1,95GG41S1,1619,339,1056,2,31,52,139,20.94,65.23,0.12,1.91,3.21,8.59
Stormont 2,95GG41S2,1246,305,777,9,26,33,96,24.48,62.36,0.72,2.09,2.65,7.7
Stormont 3,95GG41S3,1658,540,790,5,48,91,184,32.57,47.65,0.3,2.9,5.49,11.1
Stranmillis 1,95GG42S1,1472,483,832,4,22,41,90,32.81,56.52,0.27,1.49,2.79,6.11
Stranmillis 2,95GG42S2,1708,1453,200,4,7,15,29,85.07,11.71,0.23,0.41,0.88,1.7
Stranmillis 3,95GG42S3,2062,1587,387,1,19,38,30,76.96,18.77,0.05,0.92,1.84,1.45
Stranmillis 4,95GG42S4,1878,912,777,0,37,61,91,48.56,41.37,0,1.97,3.25,4.85
Sydenham 1,95GG43S1,1259,503,431,4,86,89,146,39.95,34.23,0.32,6.83,7.07,11.6
Sydenham 2,95GG43S2,1396,485,670,2,45,82,112,34.74,47.99,0.14,3.22,5.87,8.02
Sydenham 3,95GG43S3,1432,625,499,2,71,110,125,43.65,34.85,0.14,4.96,7.68,8.73
The Mount 1,95GG44S1,2316,1292,511,5,126,250,132,55.79,22.06,0.22,5.44,10.79,5.7
The Mount 2,95GG44S2,2168,1089,553,9,147,235,135,50.23,25.51,0.42,6.78,10.84,6.23
Upper Malone 1,95GG45S1,1408,369,838,0,41,39,121,26.21,59.52,0,2.91,2.77,8.59
Upper Malone 2,95GG45S2,1226,523,396,0,74,120,113,42.66,32.3,0,6.04,9.79,9.22
Upper Malone 3,95GG45S3,1322,537,557,0,53,67,108,40.62,42.13,0,4.01,5.07,8.17
Upper Springfield 1,95GG46S1,1348,642,393,0,132,85,96,47.63,29.15,0,9.79,6.31,7.12
Upper Springfield 2,95GG46S2,1418,669,409,0,141,80,119,47.18,28.84,0,9.94,5.64,8.39
Upper Springfield 3,95GG46S3,1326,659,318,0,154,74,121,49.7,23.98,0,11.61,5.58,9.13
Water Works 1,95GG47S1,1831,1007,399,6,146,147,126,55,21.79,0.33,7.97,8.03,6.88
Water Works 2,95GG47S2,1373,679,350,2,117,99,126,49.45,25.49,0.15,8.52,7.21,9.18
Water Works 3,95GG47S3,1425,749,332,0,112,122,110,52.56,23.3,0,7.86,8.56,7.72
Whiterock 1,95GG48S1,1222,647,323,0,101,67,84,52.95,26.43,0,8.27,5.48,6.87
Whiterock 2,95GG48S2,1661,923,308,2,202,96,130,55.57,18.54,0.12,12.16,5.78,7.83
Whiterock 3,95GG48S3,1259,669,289,0,143,60,98,53.14,22.95,0,11.36,4.77,7.78
Windsor 1,95GG49S1,1441,885,384,0,39,59,74,61.42,26.65,0,2.71,4.09,5.14
Windsor 2,95GG49S2,2123,1658,335,5,21,53,51,78.1,15.78,0.24,0.99,2.5,2.4
Windsor 3,95GG49S3,1976,1641,216,4,23,41,51,83.05,10.93,0.2,1.16,2.07,2.58
Windsor 4,95GG49S4,1935,1572,234,6,26,41,56,81.24,12.09,0.31,1.34,2.12,2.89
Woodstock 1,95GG50S1,1275,673,351,2,64,101,84,52.78,27.53,0.16,5.02,7.92,6.59
Woodstock 2,95GG50S2,1637,886,373,1,78,155,144,54.12,22.79,0.06,4.76,9.47,8.8
Woodstock 3,95GG50S3,1565,830,411,4,88,124,108,53.04,26.26,0.26,5.62,7.92,6.9
Woodvale 1,95GG51S1,1081,445,365,0,85,88,98,41.17,33.77,0,7.86,8.14,9.07
Woodvale 2,95GG51S2,1143,465,354,3,88,110,123,40.68,30.97,0.26,7.7,9.62,10.76
Woodvale 3,95GG51S3,1095,489,275,2,83,121,125,44.66,25.11,0.18,7.58,11.05,11.42
Blackhead,95HH01W1,1711,485,858,2,54,128,184,28.35,50.15,0.12,3.16,7.48,10.75
Bluefield 1,95HH02S1,1088,292,652,1,38,42,63,26.84,59.93,0.09,3.49,3.86,5.79
Bluefield 2,95HH02S2,1205,296,795,0,34,52,28,24.56,65.98,0,2.82,4.32,2.32
Boneybefore,95HH03W1,1404,298,869,0,44,55,138,21.23,61.89,0,3.13,3.92,9.83
Burleigh Hill 1,95HH04S1,1378,375,821,4,52,69,57,27.21,59.58,0.29,3.77,5.01,4.14
Burleigh Hill 2,95HH04S2,1153,298,721,0,28,40,66,25.85,62.53,0,2.43,3.47,5.72
Clipperstown,95HH05W1,1630,615,659,0,114,133,109,37.73,40.43,0,6.99,8.16,6.69
Eden 1,95HH06S1,1655,447,1038,0,54,60,56,27.01,62.72,0,3.26,3.63,3.38
Eden 2,95HH06S2,1956,588,1112,0,73,104,79,30.06,56.85,0,3.73,5.32,4.04
Gortalee,95HH07W1,1234,479,453,0,87,98,117,38.82,36.71,0,7.05,7.94,9.48
Greenisland,95HH08W1,2169,684,1137,4,68,121,155,31.54,52.42,0.18,3.14,5.58,7.15
Killycrot,95HH09W1,2301,864,776,6,137,233,285,37.55,33.72,0.26,5.95,10.13,12.39
Knockagh,95HH10W1,1923,464,1182,2,62,110,103,24.13,61.47,0.1,3.22,5.72,5.36
Love Lane,95HH11W1,1143,384,425,5,76,114,139,33.6,37.18,0.44,6.65,9.97,12.16
Milebush,95HH12W1,1252,364,678,3,59,68,80,29.07,54.15,0.24,4.71,5.43,6.39
Northland,95HH13W1,1052,430,380,0,73,102,67,40.87,36.12,0,6.94,9.7,6.37
Sunnylands,95HH14W1,1281,427,483,0,78,136,157,33.33,37.7,0,6.09,10.62,12.26
Victoria (Carrickfergus LGD),95HH15W1,2154,707,996,2,93,149,207,32.82,46.24,0.09,4.32,6.92,9.61
Whitehead,95HH16W1,1767,494,940,4,61,114,154,27.96,53.2,0.23,3.45,6.45,8.72
Woodburn,95HH17W1,1953,538,1157,0,57,110,91,27.55,59.24,0,2.92,5.63,4.66
Ballyhanwood 1,95II01S1,1282,349,728,0,28,80,97,27.22,56.79,0,2.18,6.24,7.57
Ballyhanwood 2,95II01S2,1313,325,834,0,19,41,94,24.75,63.52,0,1.45,3.12,7.16
Beechill 1,95II02S1,1385,486,712,0,27,56,104,35.09,51.41,0,1.95,4.04,7.51
Beechill 2,95II02S2,1309,417,680,2,42,90,78,31.86,51.95,0.15,3.21,6.88,5.96
Beechill 3,95II02S3,1283,477,505,1,53,96,151,37.18,39.36,0.08,4.13,7.48,11.77
Cairnshill 1,95II03S1,1290,390,793,0,22,48,37,30.23,61.47,0,1.71,3.72,2.87
Cairnshill 2,95II03S2,1462,471,842,2,35,65,47,32.22,57.59,0.14,2.39,4.45,3.21
Carrowreagh 1,95II04S1,1838,491,1123,8,61,66,89,26.71,61.1,0.44,3.32,3.59,4.84
Carrowreagh 2,95II04S2,1528,516,702,2,94,114,100,33.77,45.94,0.13,6.15,7.46,6.54
Carryduff East 1,95II05S1,1324,449,734,2,28,44,67,33.91,55.44,0.15,2.11,3.32,5.06
Carryduff East 2,95II05S2,1530,459,731,0,53,89,198,30,47.78,0,3.46,5.82,12.94
Carryduff West 1,95II06S1,1169,327,717,1,29,44,51,27.97,61.33,0.09,2.48,3.76,4.36
Carryduff West 2,95II06S2,1479,497,779,0,52,77,74,33.6,52.67,0,3.52,5.21,5
Cregagh,95II07W1,1687,632,595,0,94,145,221,37.46,35.27,0,5.57,8.6,13.1
Downshire,95II08W1,1983,668,920,0,70,143,182,33.69,46.39,0,3.53,7.21,9.18
Dundonald 1,95II09S1,1605,477,839,2,40,97,150,29.72,52.27,0.12,2.49,6.04,9.35
Dundonald 2,95II09S2,1107,304,640,0,34,66,63,27.46,57.81,0,3.07,5.96,5.69
Enler,95II10W1,2118,729,875,2,124,189,199,34.42,41.31,0.09,5.85,8.92,9.4
Galwally,95II11W1,2105,642,1178,2,51,92,140,30.5,55.96,0.1,2.42,4.37,6.65
Gilnahirk,95II12W1,2036,519,1199,3,49,87,179,25.49,58.89,0.15,2.41,4.27,8.79
Graham's Bridge,95II13W1,2198,697,1014,2,104,182,199,31.71,46.13,0.09,4.73,8.28,9.05
Hillfoot,95II14W1,2123,567,1254,2,39,72,189,26.71,59.07,0.09,1.84,3.39,8.9
Knockbracken 1,95II15S1,1373,446,788,0,38,50,51,32.48,57.39,0,2.77,3.64,3.71
Knockbracken 2,95II15S2,1296,320,792,4,24,49,107,24.69,61.11,0.31,1.85,3.78,8.26
Lisnasharragh,95II16W1,1748,529,904,0,55,97,163,30.26,51.72,0,3.15,5.55,9.32
Lower Braniel,95II17W1,2085,641,991,0,91,162,200,30.74,47.53,0,4.36,7.77,9.59
Minnowburn,95II18W1,1861,671,746,0,88,153,203,36.06,40.09,0,4.73,8.22,10.91
Moneyreagh 1,95II19S1,1450,385,923,0,28,44,70,26.55,63.66,0,1.93,3.03,4.83
Moneyreagh 2,95II19S2,1615,446,962,0,33,79,95,27.62,59.57,0,2.04,4.89,5.88
Newtownbreda,95II20W1,2284,832,1072,0,81,130,169,36.43,46.94,0,3.55,5.69,7.4
Tullycarnet,95II21W1,1879,704,748,0,106,179,142,37.47,39.81,0,5.64,9.53,7.56
Upper Braniel,95II22W1,1854,510,987,1,61,121,174,27.51,53.24,0.05,3.29,6.53,9.39
Wynchurch,95II23W1,1801,631,880,4,48,96,142,35.04,48.86,0.22,2.67,5.33,7.88
Agivey,95JJ01W1,1993,583,1165,2,37,92,114,29.25,58.45,0.1,1.86,4.62,5.72
Atlantic,95JJ02W1,1960,675,933,2,74,148,128,34.44,47.6,0.1,3.78,7.55,6.53
Ballysally 1,95JJ03S1,1027,436,366,2,58,127,38,42.45,35.64,0.19,5.65,12.37,3.7
Ballysally 2,95JJ03S2,785,301,346,0,37,60,41,38.34,44.08,0,4.71,7.64,5.22
Castlerock 1,95JJ04S1,1226,356,684,0,47,63,76,29.04,55.79,0,3.83,5.14,6.2
Castlerock 2,95JJ04S2,1275,333,721,0,47,84,90,26.12,56.55,0,3.69,6.59,7.06
Central (Coleraine LGD),95JJ05W1,1597,629,549,0,71,134,214,39.39,34.38,0,4.45,8.39,13.4
Churchland,95JJ06W1,1914,745,722,1,96,184,166,38.92,37.72,0.05,5.02,9.61,8.67
Cross Glebe,95JJ07W1,2035,803,717,1,97,233,184,39.46,35.23,0.05,4.77,11.45,9.04
Dundooan 1,95JJ08S1,1154,351,658,0,23,42,80,30.42,57.02,0,1.99,3.64,6.93
Dundooan 2,95JJ08S2,1524,734,620,2,55,46,67,48.16,40.68,0.13,3.61,3.02,4.4
Dunluce,95JJ09W1,1700,424,1004,0,40,85,147,24.94,59.06,0,2.35,5,8.65
Garvagh,95JJ10W1,2122,703,1095,1,59,85,179,33.13,51.6,0.05,2.78,4.01,8.44
Hopefield 1,95JJ11S1,1424,419,788,0,38,90,89,29.42,55.34,0,2.67,6.32,6.25
Hopefield 2,95JJ11S2,1535,464,831,4,35,99,102,30.23,54.14,0.26,2.28,6.45,6.64
Kilrea,95JJ12W1,2090,708,1103,0,57,86,136,33.88,52.78,0,2.73,4.11,6.51
Knocklynn 1,95JJ13S1,1597,535,856,1,64,92,49,33.5,53.6,0.06,4.01,5.76,3.07
Knocklynn 2,95JJ13S2,1427,384,867,0,41,73,62,26.91,60.76,0,2.87,5.12,4.34
Macosquin,95JJ14W1,1837,519,1085,0,43,68,122,28.25,59.06,0,2.34,3.7,6.64
Mount Sandel,95JJ15W1,1604,481,823,2,50,78,170,29.99,51.31,0.12,3.12,4.86,10.6
Portstewart,95JJ16W1,1560,597,590,4,66,134,169,38.27,37.82,0.26,4.23,8.59,10.83
Ringsend,95JJ17W1,1885,565,1112,0,38,64,106,29.97,58.99,0,2.02,3.4,5.62
Royal Portrush,95JJ18W1,1762,660,698,2,60,169,173,37.46,39.61,0.11,3.41,9.59,9.82
Strand 1 (Coleraine LGD),95JJ19S1,1459,595,670,2,29,59,104,40.78,45.92,0.14,1.99,4.04,7.13
Strand 2 (Coleraine LGD),95JJ19S2,1121,643,372,1,15,36,54,57.36,33.18,0.09,1.34,3.21,4.82
The Cuts 1,95JJ20S1,1669,504,924,0,55,116,70,30.2,55.36,0,3.3,6.95,4.19
The Cuts 2,95JJ20S2,1588,466,850,0,57,115,100,29.35,53.53,0,3.59,7.24,6.3
University,95JJ21W1,2479,1357,768,2,59,150,143,54.74,30.98,0.08,2.38,6.05,5.77
Waterside,95JJ22W1,2268,589,1356,0,53,108,162,25.97,59.79,0,2.34,4.76,7.14
Ardboe,95KK01W1,1968,676,1046,1,84,52,109,34.35,53.15,0.05,4.27,2.64,5.54
Coagh,95KK02W1,1595,491,872,1,59,60,112,30.78,54.67,0.06,3.7,3.76,7.02
Dunnamore,95KK03W1,1754,648,945,0,25,33,103,36.94,53.88,0,1.43,1.88,5.87
Gortalowry,95KK04W1,2126,858,980,7,84,112,85,40.36,46.1,0.33,3.95,5.27,4
Killycolpy,95KK05W1,2020,750,1044,2,58,45,121,37.13,51.68,0.1,2.87,2.23,5.99
Killymoon,95KK06W1,1527,569,722,0,55,90,91,37.26,47.28,0,3.6,5.89,5.96
Lissan,95KK07W1,1583,485,922,0,38,41,97,30.64,58.24,0,2.4,2.59,6.13
Moneymore,95KK08W1,1985,607,1073,2,84,84,135,30.58,54.06,0.1,4.23,4.23,6.8
Newbuildings,95KK09W1,1776,685,733,4,90,126,138,38.57,41.27,0.23,5.07,7.09,7.77
Oaklands,95KK10W1,1654,558,927,0,33,45,91,33.74,56.05,0,2,2.72,5.5
Oldtown,95KK11W1,1864,669,841,2,98,129,125,35.89,45.12,0.11,5.26,6.92,6.71
Pomeroy,95KK12W1,1781,690,868,1,54,69,99,38.74,48.74,0.06,3.03,3.87,5.56
Sandholes,95KK13W1,1468,482,809,0,28,58,91,32.83,55.11,0,1.91,3.95,6.2
Stewartstown,95KK14W1,1612,616,793,0,53,61,89,38.21,49.19,0,3.29,3.78,5.52
The Loop,95KK15W1,2189,767,1195,1,50,65,111,35.04,54.59,0.05,2.28,2.97,5.07
Tullagh,95KK16W1,1817,689,796,1,58,104,169,37.92,43.81,0.06,3.19,5.72,9.3
Aghagallon 1,95LL01S1,1887,613,1092,0,40,57,85,32.49,57.87,0,2.12,3.02,4.5
Aghagallon 2,95LL01S2,1802,616,1027,2,35,53,69,34.18,56.99,0.11,1.94,2.94,3.83
Annagh 1,95LL02S1,1244,379,684,3,40,61,77,30.47,54.98,0.24,3.22,4.9,6.19
Annagh 2,95LL02S2,1205,540,357,3,64,133,108,44.81,29.63,0.25,5.31,11.04,8.96
Ballybay,95LL03W1,1884,677,790,2,99,169,147,35.93,41.93,0.11,5.25,8.97,7.8
Ballyoran,95LL04W1,2335,894,1030,1,104,93,213,38.29,44.11,0.04,4.45,3.98,9.12
Bleary 1,95LL05S1,1820,474,1137,2,36,77,94,26.04,62.47,0.11,1.98,4.23,5.16
Bleary 2,95LL05S2,1362,415,782,0,41,58,66,30.47,57.42,0,3.01,4.26,4.85
Brownstown 1,95LL06S1,1286,416,662,0,38,94,76,32.35,51.48,0,2.95,7.31,5.91
Brownstown 2,95LL06S2,1448,441,704,0,49,114,140,30.46,48.62,0,3.38,7.87,9.67
Church,95LL07W1,1727,660,609,1,93,174,190,38.22,35.26,0.06,5.39,10.08,11
Corcrain 1,95LL08S1,1219,545,432,0,74,93,75,44.71,35.44,0,6.07,7.63,6.15
Corcrain 2,95LL08S2,1334,642,357,2,108,123,102,48.13,26.76,0.15,8.1,9.22,7.65
Court 1,95LL09S1,1178,540,358,0,83,98,99,45.84,30.39,0,7.05,8.32,8.4
Court 2,95LL09S2,1379,513,483,0,85,106,192,37.2,35.03,0,6.16,7.69,13.92
Derrytrasna 1,95LL10S1,2306,801,1269,0,85,66,85,34.74,55.03,0,3.69,2.86,3.69
Derrytrasna 2,95LL10S2,1835,649,1011,1,52,46,76,35.37,55.1,0.05,2.83,2.51,4.14
Donaghcloney 1,95LL11S1,1226,346,706,0,43,62,69,28.22,57.59,0,3.51,5.06,5.63
Donaghcloney 2,95LL11S2,1822,468,1184,0,41,56,73,25.69,64.98,0,2.25,3.07,4.01
Drumgask 1,95LL12S1,2080,872,864,2,122,140,80,41.92,41.54,0.1,5.87,6.73,3.85
Drumgask 2,95LL12S2,915,406,324,1,57,66,61,44.37,35.41,0.11,6.23,7.21,6.67
Drumgor 1,95LL13S1,1066,394,486,8,53,74,51,36.96,45.59,0.75,4.97,6.94,4.78
Drumgor 2,95LL13S2,1030,390,417,2,62,102,57,37.86,40.49,0.19,6.02,9.9,5.53
Drumnamoe 1,95LL14S1,1017,429,385,1,53,76,73,42.18,37.86,0.1,5.21,7.47,7.18
Drumnamoe 2,95LL14S2,1123,405,548,0,45,50,75,36.06,48.8,0,4.01,4.45,6.68
Edenderry 1,95LL15S1,1201,386,549,0,41,89,136,32.14,45.71,0,3.41,7.41,11.32
Edenderry 2,95LL15S2,1330,370,693,2,42,95,128,27.82,52.11,0.15,3.16,7.14,9.62
Kernan 1,95LL16S1,2158,588,1278,2,71,103,116,27.25,59.22,0.09,3.29,4.77,5.38
Kernan 2,95LL16S2,2551,893,1274,2,92,182,108,35.01,49.94,0.08,3.61,7.13,4.23
Killycomain,95LL17W1,2106,626,1081,0,75,159,165,29.72,51.33,0,3.56,7.55,7.83
Knocknashane 1,95LL18S1,1574,406,897,2,54,83,132,25.79,56.99,0.13,3.43,5.27,8.39
Knocknashane 2,95LL18S2,1142,320,690,0,26,38,68,28.02,60.42,0,2.28,3.33,5.95
Magheralin 1,95LL19S1,1767,460,1070,2,56,78,101,26.03,60.55,0.11,3.17,4.41,5.72
Magheralin 2,95LL19S2,2208,659,1250,6,75,118,100,29.85,56.61,0.27,3.4,5.34,4.53
Mourneview,95LL20W1,1897,669,891,0,108,114,115,35.27,46.97,0,5.69,6.01,6.06
Parklake,95LL21W1,3060,1080,1396,4,137,186,257,35.29,45.62,0.13,4.48,6.08,8.4
Taghnevan,95LL22W1,2827,1168,1211,1,141,174,132,41.32,42.84,0.04,4.99,6.15,4.67
Tavanagh,95LL23W1,1733,619,728,2,69,142,173,35.72,42.01,0.12,3.98,8.19,9.98
The Birches 1,95LL24S1,1561,495,896,4,50,52,64,31.71,57.4,0.26,3.2,3.33,4.1
The Birches 2,95LL24S2,1332,462,697,1,37,28,107,34.68,52.33,0.08,2.78,2.1,8.03
Waringstown 1,95LL25S1,1995,597,1125,3,50,101,119,29.92,56.39,0.15,2.51,5.06,5.96
Waringstown 2,95LL25S2,1556,407,973,2,35,69,70,26.16,62.53,0.13,2.25,4.43,4.5
Woodville 1,95LL26S1,1294,604,427,1,92,108,62,46.68,33,0.08,7.11,8.35,4.79
Woodville 2,95LL26S2,1681,593,886,2,64,60,76,35.28,52.71,0.12,3.81,3.57,4.52
Altnagelvin 1,95MM01S1,1182,496,425,3,83,92,83,41.96,35.96,0.25,7.02,7.78,7.02
Altnagelvin 2,95MM01S2,1313,497,624,10,63,61,58,37.85,47.52,0.76,4.8,4.65,4.42
Altnagelvin 3,95MM01S3,1302,414,723,1,47,64,53,31.8,55.53,0.08,3.61,4.92,4.07
Ballynashallog 1,95MM02S1,1365,489,639,0,48,52,137,35.82,46.81,0,3.52,3.81,10.04
Ballynashallog 2,95MM02S2,1373,460,791,0,33,32,57,33.5,57.61,0,2.4,2.33,4.15
Banagher,95MM03W1,2617,914,1423,2,86,48,144,34.93,54.38,0.08,3.29,1.83,5.5
Beechwood,95MM04W1,1822,768,668,5,110,112,159,42.15,36.66,0.27,6.04,6.15,8.73
Brandywell,95MM05W1,1955,982,500,1,189,124,159,50.23,25.58,0.05,9.67,6.34,8.13
Carn Hill 1,95MM06S1,1071,451,412,0,79,58,71,42.11,38.47,0,7.38,5.42,6.63
Carn Hill 2,95MM06S2,944,428,313,0,77,60,66,45.34,33.16,0,8.16,6.36,6.99
Caw,95MM07W1,2105,779,846,4,86,191,199,37.01,40.19,0.19,4.09,9.07,9.45
Clondermot 1,95MM08S1,1033,448,354,0,70,84,77,43.37,34.27,0,6.78,8.13,7.45
Clondermot 2,95MM08S2,1375,445,718,0,36,75,101,32.36,52.22,0,2.62,5.45,7.35
Claudy 1,95MM09S1,1176,400,586,0,59,53,78,34.01,49.83,0,5.02,4.51,6.63
Claudy 2,95MM09S2,1487,513,800,0,40,47,87,34.5,53.8,0,2.69,3.16,5.85
Creggan Central 1,95MM10S1,1021,565,244,0,112,53,47,55.34,23.9,0,10.97,5.19,4.6
Creggan Central 2,95MM10S2,1005,471,336,4,84,55,55,46.87,33.43,0.4,8.36,5.47,5.47
Creggan South,95MM11W1,1736,846,489,0,161,107,133,48.73,28.17,0,9.27,6.16,7.66
Crevagh 1,95MM12S1,1487,622,665,1,75,71,53,41.83,44.72,0.07,5.04,4.77,3.56
Crevagh 2,95MM12S2,917,483,214,0,87,86,47,52.67,23.34,0,9.49,9.38,5.13
Crevagh 3,95MM12S3,1769,852,661,0,113,92,51,48.16,37.37,0,6.39,5.2,2.88
Culmore 1,95MM13S1,925,303,534,0,26,33,29,32.76,57.73,0,2.81,3.57,3.14
Culmore 2,95MM13S2,906,438,264,0,93,67,44,48.34,29.14,0,10.26,7.4,4.86
Culmore 3,95MM13S3,1105,512,381,0,95,75,42,46.33,34.48,0,8.6,6.79,3.8
Culmore 4,95MM13S4,1728,650,808,0,106,89,75,37.62,46.76,0,6.13,5.15,4.34
Culmore 5,95MM13S5,1556,494,917,0,53,51,41,31.75,58.93,0,3.41,3.28,2.63
Ebrington 1,95MM14S1,710,249,275,0,34,44,108,35.07,38.73,0,4.79,6.2,15.21
Ebrington 2,95MM14S2,1387,693,372,2,70,123,127,49.96,26.82,0.14,5.05,8.87,9.16
Eglinton 1,95MM15S1,1441,441,785,0,38,66,111,30.6,54.48,0,2.64,4.58,7.7
Eglinton 2,95MM15S2,1917,623,1031,1,88,94,80,32.5,53.78,0.05,4.59,4.9,4.17
Enagh 1 (Derry LGD),95MM16S1,1748,731,706,0,105,116,90,41.82,40.39,0,6.01,6.64,5.15
Enagh 2 (Derry LGD),95MM16S2,2461,792,1355,3,92,141,78,32.18,55.06,0.12,3.74,5.73,3.17
Foyle Springs 1,95MM17S1,1563,587,806,2,68,54,46,37.56,51.57,0.13,4.35,3.45,2.94
Foyle Springs 2,95MM17S2,1466,622,556,2,89,108,89,42.43,37.93,0.14,6.07,7.37,6.07
Holly Mount 1,95MM18S1,1711,639,878,0,55,55,84,37.35,51.32,0,3.21,3.21,4.91
Holly Mount 2,95MM18S2,2139,804,1095,2,93,95,50,37.59,51.19,0.09,4.35,4.44,2.34
Kilfennan 1,95MM19S1,1337,441,701,0,38,69,88,32.98,52.43,0,2.84,5.16,6.58
Kilfennan 2,95MM19S2,1141,502,465,4,54,77,39,44,40.75,0.35,4.73,6.75,3.42
Lisnagelvin 1,95MM20S1,1313,422,622,0,53,107,109,32.14,47.37,0,4.04,8.15,8.3
Lisnagelvin 2,95MM20S2,1441,464,686,0,53,109,129,32.2,47.61,0,3.68,7.56,8.95
New Buildings 1,95MM21S1,1275,437,627,0,43,77,91,34.27,49.18,0,3.37,6.04,7.14
New Buildings 2,95MM21S2,1437,465,798,2,46,46,80,32.36,55.53,0.14,3.2,3.2,5.57
Pennyburn 1,95MM22S1,1020,386,461,2,44,38,89,37.84,45.2,0.2,4.31,3.73,8.73
Pennyburn 2,95MM22S2,1097,355,563,1,34,41,103,32.36,51.32,0.09,3.1,3.74,9.39
Rosemount,95MM23W1,2143,1143,598,5,128,135,134,53.34,27.9,0.23,5.97,6.3,6.25
Shantallow East,95MM24W1,1928,853,692,3,125,119,136,44.24,35.89,0.16,6.48,6.17,7.05
Shantallow West 1,95MM25S1,925,470,264,0,89,56,46,50.81,28.54,0,9.62,6.05,4.97
Shantallow West 2,95MM25S2,990,498,294,0,96,62,40,50.3,29.7,0,9.7,6.26,4.04
Shantallow West 3,95MM25S3,1043,540,313,0,92,74,24,51.77,30.01,0,8.82,7.09,2.3
Shantallow West 4,95MM25S4,1447,602,627,0,80,85,53,41.6,43.33,0,5.53,5.87,3.66
Springtown 1,95MM26S1,1341,599,489,4,101,94,54,44.67,36.47,0.3,7.53,7.01,4.03
Springtown 2,95MM26S2,1162,437,608,2,38,30,47,37.61,52.32,0.17,3.27,2.58,4.04
Strand 1 (Derry LGD),95MM27S1,1777,1090,309,0,132,142,104,61.34,17.39,0,7.43,7.99,5.85
Strand 2 (Derry LGD),95MM27S2,1678,1086,377,2,69,66,78,64.72,22.47,0.12,4.11,3.93,4.65
The Diamond,95MM28W1,1977,998,492,5,151,168,163,50.48,24.89,0.25,7.64,8.5,8.24
Victoria (Derry LGD),95MM29W1,2654,1280,838,5,169,210,152,48.23,31.57,0.19,6.37,7.91,5.73
Westland,95MM30W1,1719,825,503,4,141,101,145,47.99,29.26,0.23,8.2,5.88,8.44
Ardglass 1,95NN01S1,1197,462,507,1,50,81,96,38.6,42.36,0.08,4.18,6.77,8.02
Ardglass 2,95NN01S2,1308,469,659,2,51,59,68,35.86,50.38,0.15,3.9,4.51,5.2
Audley's Acre,95NN02W1,1784,600,913,0,68,76,127,33.63,51.18,0,3.81,4.26,7.12
Ballymaglave 1,95NN03S1,1064,339,514,0,31,81,99,31.86,48.31,0,2.91,7.61,9.3
Ballymaglave 2,95NN03S2,1246,398,641,0,38,70,99,31.94,51.44,0,3.05,5.62,7.95
Ballymote,95NN04W1,2184,1063,691,2,130,153,145,48.67,31.64,0.09,5.95,7.01,6.64
Ballynahinch East,95NN05W1,1959,722,859,0,62,177,139,36.86,43.85,0,3.16,9.04,7.1
Castlewellan 1,95NN06S1,870,356,363,0,34,44,73,40.92,41.72,0,3.91,5.06,8.39
Castlewellan 2,95NN06S2,1783,645,905,2,59,69,103,36.17,50.76,0.11,3.31,3.87,5.78
Cathedral 1,95NN07S1,1254,503,558,2,69,80,42,40.11,44.5,0.16,5.5,6.38,3.35
Cathedral 2,95NN07S2,1244,538,453,0,60,78,115,43.25,36.41,0,4.82,6.27,9.24
Crossgar 1,95NN08S1,1237,418,661,2,38,54,64,33.79,53.44,0.16,3.07,4.37,5.17
Crossgar 2,95NN08S2,1375,454,741,3,54,48,75,33.02,53.89,0.22,3.93,3.49,5.45
Derryboy 1,95NN09S1,1321,397,792,0,34,40,58,30.05,59.95,0,2.57,3.03,4.39
Derryboy 2,95NN09S2,1083,330,580,2,28,52,91,30.47,53.55,0.18,2.59,4.8,8.4
Donard 1,95NN10S1,1294,402,605,2,49,74,162,31.07,46.75,0.15,3.79,5.72,12.52
Donard 2,95NN10S2,1280,408,700,3,48,67,54,31.87,54.69,0.23,3.75,5.23,4.22
Drumaness 1,95NN11S1,1377,517,675,0,53,64,68,37.55,49.02,0,3.85,4.65,4.94
Drumaness 2,95NN11S2,1574,526,895,0,40,40,73,33.42,56.86,0,2.54,2.54,4.64
Dundrum,95NN12W1,2204,771,1093,1,87,124,128,34.98,49.59,0.05,3.95,5.63,5.81
Dunmore,95NN13W1,2390,647,1443,0,49,85,166,27.07,60.38,0,2.05,3.56,6.95
Killough 1,95NN14S1,1370,510,649,2,77,56,76,37.23,47.37,0.15,5.62,4.09,5.55
Killough 2,95NN14S2,1342,559,626,1,47,61,48,41.65,46.65,0.07,3.5,4.55,3.58
Killyleagh,95NN15W1,2381,860,1039,10,104,183,185,36.12,43.64,0.42,4.37,7.69,7.77
Kilmore 1,95NN16S1,1260,307,762,2,31,46,112,24.37,60.48,0.16,2.46,3.65,8.89
Kilmore 2,95NN16S2,1339,425,758,1,31,53,71,31.74,56.61,0.07,2.32,3.96,5.3
Murlough,95NN17W1,1782,684,782,0,82,108,126,38.38,43.88,0,4.6,6.06,7.07
Quoile 1,95NN18S1,994,416,371,0,58,56,93,41.85,37.32,0,5.84,5.63,9.36
Quoile 2,95NN18S2,1187,395,642,0,45,32,73,33.28,54.09,0,3.79,2.7,6.15
Saintfield 1,95NN19S1,1345,432,685,0,46,81,101,32.12,50.93,0,3.42,6.02,7.51
Saintfield 2,95NN19S2,1378,396,819,0,46,47,70,28.74,59.43,0,3.34,3.41,5.08
Seaforde,95NN20W1,2367,767,1304,1,58,93,144,32.4,55.09,0.04,2.45,3.93,6.08
Shimna,95NN21W1,2181,717,1039,6,71,136,212,32.87,47.64,0.28,3.26,6.24,9.72
Strangford,95NN22W1,2145,721,1128,2,66,88,140,33.61,52.59,0.09,3.08,4.1,6.53
Tollymore 1,95NN23S1,1192,447,623,2,33,34,53,37.5,52.27,0.17,2.77,2.85,4.45
Tollymore 2,95NN23S2,1455,507,765,1,30,71,81,34.85,52.58,0.07,2.06,4.88,5.57
Altmore,95OO01W1,1936,685,1035,0,46,33,137,35.38,53.46,0,2.38,1.7,7.08
Augher,95OO02W1,1731,650,918,0,25,34,104,37.55,53.03,0,1.44,1.96,6.01
Aughnacloy,95OO03W1,2028,684,1089,0,56,64,135,33.73,53.7,0,2.76,3.16,6.66
Ballygawley,95OO04W1,1905,662,997,0,55,63,128,34.75,52.34,0,2.89,3.31,6.72
Ballysaggart,95OO05W1,2100,916,786,4,106,136,152,43.62,37.43,0.19,5.05,6.48,7.24
Benburb,95OO06W1,2190,760,1196,0,59,73,102,34.7,54.61,0,2.69,3.33,4.66
Caledon,95OO07W1,1950,694,1053,0,36,58,109,35.59,54,0,1.85,2.97,5.59
Castlecaulfield,95OO08W1,2111,726,1169,0,36,55,125,34.39,55.38,0,1.71,2.61,5.92
Clogher,95OO09W1,1739,659,867,1,44,50,118,37.9,49.86,0.06,2.53,2.88,6.79
Coalisland North,95OO10W1,2649,1010,1259,0,135,87,158,38.13,47.53,0,5.1,3.28,5.96
Coalisland South,95OO11W1,1889,776,755,0,111,126,121,41.08,39.97,0,5.88,6.67,6.41
Coalisland West and Newmills,95OO12W1,2081,729,1033,0,89,115,115,35.03,49.64,0,4.28,5.53,5.53
Coolhill,95OO13W1,2137,784,1022,3,65,148,115,36.69,47.82,0.14,3.04,6.93,5.38
Donaghmore,95OO14W1,1961,661,1078,0,47,67,108,33.71,54.97,0,2.4,3.42,5.51
Drumglass,95OO15W1,1774,750,713,1,77,108,125,42.28,40.19,0.06,4.34,6.09,7.05
Fivemiletown,95OO16W1,1695,582,832,0,71,79,131,34.34,49.09,0,4.19,4.66,7.73
Killyman,95OO17W1,2105,636,1230,1,52,66,120,30.21,58.43,0.05,2.47,3.14,5.7
Killymeal,95OO18W1,2291,881,1060,3,89,127,131,38.45,46.27,0.13,3.88,5.54,5.72
Moy,95OO19W1,2239,760,1194,1,53,81,150,33.94,53.33,0.04,2.37,3.62,6.7
Moygashel,95OO20W1,1708,509,899,1,55,94,150,29.8,52.63,0.06,3.22,5.5,8.78
Mullaghmore,95OO21W1,1870,769,797,0,62,100,142,41.12,42.62,0,3.32,5.35,7.59
Washing Bay,95OO22W1,2378,929,1177,0,74,62,136,39.07,49.5,0,3.11,2.61,5.72
Ballinamallard,95PP01W1,1998,627,1101,0,54,71,145,31.38,55.11,0,2.7,3.55,7.26
Belcoo and Garrison,95PP02W1,2029,702,1068,0,58,58,143,34.6,52.64,0,2.86,2.86,7.05
Belleek and Boa,95PP03W1,2026,732,1008,0,61,74,151,36.13,49.75,0,3.01,3.65,7.45
Boho Cleenish and Letterbreen,95PP04W1,2460,853,1317,1,60,76,153,34.67,53.54,0.04,2.44,3.09,6.22
Brookeborough,95PP05W1,1865,635,1013,1,26,49,141,34.05,54.32,0.05,1.39,2.63,7.56
Castlecoole 1,95PP06S1,1500,615,602,1,71,128,83,41,40.13,0.07,4.73,8.53,5.53
Castlecoole 2,95PP06S2,1559,500,766,0,60,85,148,32.07,49.13,0,3.85,5.45,9.49
Derrygonnelly,95PP07W1,2205,747,1158,0,66,78,156,33.88,52.52,0,2.99,3.54,7.07
Derrylin,95PP08W1,2108,765,1113,1,50,44,135,36.29,52.8,0.05,2.37,2.09,6.4
Devenish,95PP09W1,1437,662,424,0,64,95,192,46.07,29.51,0,4.45,6.61,13.36
Donagh,95PP10W1,1884,648,1039,1,38,47,111,34.39,55.15,0.05,2.02,2.49,5.89
Erne,95PP11W1,2072,830,873,2,83,122,162,40.06,42.13,0.1,4.01,5.89,7.82
Florence Court and Kinawley,95PP12W1,2046,711,1106,5,50,43,131,34.75,54.06,0.24,2.44,2.1,6.4
Irvinestown,95PP13W1,1980,724,912,0,76,109,159,36.57,46.06,0,3.84,5.51,8.03
Kesh Ederney and Lack 1,95PP14S1,1177,394,598,1,36,57,91,33.47,50.81,0.08,3.06,4.84,7.73
Kesh Ederney and Lack 2,95PP14S2,1673,550,893,0,52,63,115,32.88,53.38,0,3.11,3.77,6.87
Lisbellaw,95PP15W1,2385,759,1336,1,65,88,136,31.82,56.02,0.04,2.73,3.69,5.7
Lisnarrick,95PP16W1,1555,457,897,0,44,46,111,29.39,57.68,0,2.83,2.96,7.14
Lisnaskea,95PP17W1,2071,791,867,2,107,101,203,38.19,41.86,0.1,5.17,4.88,9.8
Maguiresbridge,95PP18W1,2452,836,1317,4,70,77,148,34.09,53.71,0.16,2.85,3.14,6.04
Newtownbutler,95PP19W1,1927,713,951,2,83,67,111,37,49.35,0.1,4.31,3.48,5.76
Portora,95PP20W1,2529,1013,1061,1,101,179,174,40.06,41.95,0.04,3.99,7.08,6.88
Rosslea,95PP21W1,1722,656,849,0,65,45,107,38.1,49.3,0,3.77,2.61,6.21
Rossorry,95PP22W1,1977,668,959,1,77,125,147,33.79,48.51,0.05,3.89,6.32,7.44
Tempo,95PP23W1,2027,667,1103,2,51,73,131,32.91,54.42,0.1,2.52,3.6,6.46
Antiville,95QQ01W1,1227,465,483,0,70,101,108,37.9,39.36,0,5.7,8.23,8.8
Ballycarry,95QQ02W1,2044,592,1165,6,67,116,98,28.96,57,0.29,3.28,5.68,4.79
Ballyloran,95QQ03W1,870,346,314,0,40,85,85,39.77,36.09,0,4.6,9.77,9.77
Blackcave,95QQ04W1,1302,459,578,2,73,103,87,35.25,44.39,0.15,5.61,7.91,6.68
Carncastle,95QQ05W1,2345,555,1470,4,57,114,145,23.67,62.69,0.17,2.43,4.86,6.18
Carnlough,95QQ06W1,1603,592,744,0,80,57,130,36.93,46.41,0,4.99,3.56,8.11
Central (Larne LGD),95QQ07W1,1594,563,607,5,75,169,175,35.32,38.08,0.31,4.71,10.6,10.98
Craigy Hill,95QQ08W1,1238,451,474,3,64,105,141,36.43,38.29,0.24,5.17,8.48,11.39
Gardenmore,95QQ09W1,1669,485,828,0,49,95,212,29.06,49.61,0,2.94,5.69,12.7
Glenarm,95QQ10W1,1449,450,821,0,38,56,84,31.06,56.66,0,2.62,3.86,5.8
Glynn,95QQ11W1,1621,458,941,1,44,77,100,28.25,58.05,0.06,2.71,4.75,6.17
Harbour,95QQ12W1,1524,553,648,0,65,98,160,36.29,42.52,0,4.27,6.43,10.5
Island Magee,95QQ13W1,2093,604,1166,0,71,125,127,28.86,55.71,0,3.39,5.97,6.07
Kilwaughter 1,95QQ14S1,2646,936,1403,0,124,125,58,35.37,53.02,0,4.69,4.72,2.19
Kilwaughter 2,95QQ14S2,1435,409,820,1,49,63,93,28.5,57.14,0.07,3.41,4.39,6.48
Town Parks,95QQ15W1,1339,478,575,2,59,100,125,35.7,42.94,0.15,4.41,7.47,9.34
Aghanloo 1,95RR01S1,1762,581,984,2,53,92,50,32.97,55.85,0.11,3.01,5.22,2.84
Aghanloo 2,95RR01S2,1438,449,810,2,41,66,70,31.22,56.33,0.14,2.85,4.59,4.87
Ballykelly,95RR02W1,1420,507,701,2,51,76,83,35.7,49.37,0.14,3.59,5.35,5.85
Coolessan,95RR03W1,1154,510,387,1,62,112,82,44.19,33.54,0.09,5.37,9.71,7.11
Dungiven,95RR04W1,1597,640,734,0,78,61,84,40.08,45.96,0,4.88,3.82,5.26
Enagh 1 (Limavady LGD),95RR05S1,1021,301,574,1,27,57,61,29.48,56.22,0.1,2.64,5.58,5.97
Enagh 2 (Limavady LGD),95RR05S2,921,389,321,6,46,92,67,42.24,34.85,0.65,4.99,9.99,7.27
Feeny,95RR06W1,1697,654,884,0,53,31,75,38.54,52.09,0,3.12,1.83,4.42
Forest,95RR07W1,1923,604,1101,0,53,72,93,31.41,57.25,0,2.76,3.74,4.84
Glack,95RR08W1,1648,554,912,0,45,44,93,33.62,55.34,0,2.73,2.67,5.64
Gresteel 1,95RR09S1,1661,664,761,0,76,64,96,39.98,45.82,0,4.58,3.85,5.78
Gresteel 2,95RR09S2,1135,587,424,0,43,59,22,51.72,37.36,0,3.79,5.2,1.94
Greystone (Limavady LGD),95RR10W1,1055,424,406,1,53,84,87,40.19,38.48,0.09,5.02,7.96,8.25
Magilligan,95RR11W1,2037,735,898,4,84,149,167,36.08,44.08,0.2,4.12,7.31,8.2
Rathbrady,95RR12W1,1257,368,704,0,32,63,90,29.28,56.01,0,2.55,5.01,7.16
Roeside,95RR13W1,1242,451,514,0,46,96,135,36.31,41.38,0,3.7,7.73,10.87
The Highlands,95RR14W1,1510,542,822,0,48,31,67,35.89,54.44,0,3.18,2.05,4.44
Upper Glenshane,95RR15W1,1815,673,932,1,50,62,97,37.08,51.35,0.06,2.75,3.42,5.34
Ballinderry 1,95SS01S1,1933,667,1013,2,47,115,89,34.51,52.41,0.1,2.43,5.95,4.6
Ballinderry 2,95SS01S2,2140,603,1272,2,55,117,91,28.18,59.44,0.09,2.57,5.47,4.25
Ballymacash 1,95SS02S1,1725,490,982,0,52,76,125,28.41,56.93,0,3.01,4.41,7.25
Ballymacash 2,95SS02S2,1618,437,1019,0,27,47,88,27.01,62.98,0,1.67,2.9,5.44
Ballymacbrennan 1,95SS03S1,1266,287,878,0,20,29,52,22.67,69.35,0,1.58,2.29,4.11
Ballymacbrennan 2,95SS03S2,1477,377,956,1,23,45,75,25.52,64.73,0.07,1.56,3.05,5.08
Ballymacoss 1,95SS04S1,1684,566,817,0,92,128,81,33.61,48.52,0,5.46,7.6,4.81
Ballymacoss 2,95SS04S2,1505,585,685,2,60,110,63,38.87,45.51,0.13,3.99,7.31,4.19
Ballymacoss 3,95SS04S3,2565,913,1329,8,95,133,87,35.59,51.81,0.31,3.7,5.19,3.39
Blaris 1,95SS05S1,1337,481,579,5,44,106,122,35.98,43.31,0.37,3.29,7.93,9.12
Blaris 2,95SS05S2,1493,376,948,4,26,70,69,25.18,63.5,0.27,1.74,4.69,4.62
Collin Glen 1,95SS06S1,1106,574,323,0,100,62,47,51.9,29.2,0,9.04,5.61,4.25
Collin Glen 2,95SS06S2,1518,846,349,0,170,117,36,55.73,22.99,0,11.2,7.71,2.37
Collin Glen 3,95SS06S3,1397,746,358,3,136,93,61,53.4,25.63,0.21,9.74,6.66,4.37
Derryaghy 1,95SS07S1,2367,1066,965,1,198,98,39,45.04,40.77,0.04,8.37,4.14,1.65
Derryaghy 2,95SS07S2,1156,457,568,0,76,39,16,39.53,49.13,0,6.57,3.37,1.38
Derryaghy 3,95SS07S3,3169,1157,1338,4,171,230,269,36.51,42.22,0.13,5.4,7.26,8.49
Dromara 1,95SS08S1,1546,381,988,0,26,64,87,24.64,63.91,0,1.68,4.14,5.63
Dromara 2,95SS08S2,2114,563,1270,3,59,97,122,26.63,60.08,0.14,2.79,4.59,5.77
Drumbo 1,95SS09S1,1388,384,818,0,32,69,85,27.67,58.93,0,2.31,4.97,6.12
Drumbo 2,95SS09S2,1344,343,828,0,28,63,82,25.52,61.61,0,2.08,4.69,6.1
Dunmurry 1,95SS10S1,1743,704,745,5,95,94,100,40.39,42.74,0.29,5.45,5.39,5.74
Dunmurry 2,95SS10S2,1745,658,932,0,50,34,71,37.71,53.41,0,2.87,1.95,4.07
Glenavy 1,95SS11S1,2093,708,1132,2,75,78,98,33.83,54.09,0.1,3.58,3.73,4.68
Glenavy 2,95SS11S2,2119,650,1249,2,58,65,95,30.67,58.94,0.09,2.74,3.07,4.48
Harmony Hill,95SS12W1,2515,703,1408,6,78,117,203,27.95,55.98,0.24,3.1,4.65,8.07
Hilden 1,95SS13S1,1257,516,480,2,72,97,90,41.05,38.19,0.16,5.73,7.72,7.16
Hilden 2,95SS13S2,1126,407,468,0,54,102,95,36.15,41.56,0,4.8,9.06,8.44
Hillhall 1,95SS14S1,1149,401,476,2,46,130,94,34.9,41.43,0.17,4,11.31,8.18
Hillhall 2,95SS14S2,1165,341,655,0,35,49,85,29.27,56.22,0,3,4.21,7.3
Hillsborough 1,95SS15S1,1479,344,911,1,30,70,123,23.26,61.6,0.07,2.03,4.73,8.32
Hillsborough 2,95SS15S2,1624,400,1010,0,21,52,141,24.63,62.19,0,1.29,3.2,8.68
Kilwee 1,95SS16S1,1193,479,533,1,51,45,84,40.15,44.68,0.08,4.27,3.77,7.04
Kilwee 2,95SS16S2,1326,590,438,1,102,103,92,44.49,33.03,0.08,7.69,7.77,6.94
Knockmore 1,95SS17S1,2168,693,1109,0,92,132,142,31.96,51.15,0,4.24,6.09,6.55
Knockmore 2,95SS17S2,1257,445,551,4,58,111,88,35.4,43.83,0.32,4.61,8.83,7
Lagan Valley 1,95SS18S1,1101,426,415,3,64,115,78,38.69,37.69,0.27,5.81,10.45,7.08
Lagan Valley 2,95SS18S2,1359,407,566,2,57,103,224,29.95,41.65,0.15,4.19,7.58,16.48
Lambeg 1,95SS19S1,1106,378,498,0,62,89,79,34.18,45.03,0,5.61,8.05,7.14
Lambeg 2,95SS19S2,1115,426,462,0,62,84,81,38.21,41.43,0,5.56,7.53,7.26
Lisnagarvey,95SS20W1,2234,570,1322,2,49,97,194,25.51,59.18,0.09,2.19,4.34,8.68
Maghaberry 1,95SS21S1,1754,446,1108,2,41,97,60,25.43,63.17,0.11,2.34,5.53,3.42
Maghaberry 2,95SS21S2,1868,524,1152,0,34,68,90,28.05,61.67,0,1.82,3.64,4.82
Magheralave 1,95SS22S1,1206,251,796,0,34,49,76,20.81,66,0,2.82,4.06,6.3
Magheralave 2,95SS22S2,1399,354,812,2,42,57,132,25.3,58.04,0.14,3,4.07,9.44
Maze 1,95SS23S1,1738,448,1060,2,47,89,92,25.78,60.99,0.12,2.7,5.12,5.29
Maze 2,95SS23S2,1313,390,730,0,44,83,66,29.7,55.6,0,3.35,6.32,5.03
Moira 1,95SS24S1,2158,572,1263,2,68,96,157,26.51,58.53,0.09,3.15,4.45,7.28
Moira 2,95SS24S2,1808,494,1083,2,44,93,92,27.32,59.9,0.11,2.43,5.14,5.09
Old Warren,95SS25W1,1907,785,619,4,136,194,169,41.16,32.46,0.21,7.13,10.17,8.86
Poleglass 1,95SS26S1,1416,729,403,3,123,93,65,51.48,28.46,0.21,8.69,6.57,4.59
Poleglass 2,95SS26S2,1375,572,605,0,87,53,58,41.6,44,0,6.33,3.85,4.22
Seymour Hill,95SS27W1,2106,732,897,2,88,182,205,34.76,42.59,0.09,4.18,8.64,9.73
Tonagh,95SS28W1,2068,799,806,2,102,150,209,38.64,38.97,0.1,4.93,7.25,10.11
Twinbrook 1,95SS29S1,919,444,277,0,78,62,58,48.31,30.14,0,8.49,6.75,6.31
Twinbrook 2,95SS29S2,1037,466,288,1,100,81,101,44.94,27.77,0.1,9.64,7.81,9.74
Wallace Park 1,95SS30S1,994,515,332,0,38,43,66,51.81,33.4,0,3.82,4.33,6.64
Wallace Park 2,95SS30S2,1837,379,1196,0,36,72,154,20.63,65.11,0,1.96,3.92,8.38
Ballymaguigan,95TT01W1,2064,724,1118,2,53,41,126,35.08,54.17,0.1,2.57,1.99,6.1
Bellaghy,95TT02W1,2020,715,1085,0,48,53,119,35.4,53.71,0,2.38,2.62,5.89
Castledawson 1,95TT03S1,1212,410,597,2,48,69,86,33.83,49.26,0.17,3.96,5.69,7.1
Castledawson 2,95TT03S2,1301,458,686,0,32,56,69,35.2,52.73,0,2.46,4.3,5.3
Draperstown,95TT04W1,2215,833,1131,0,75,54,122,37.61,51.06,0,3.39,2.44,5.51
Glebe 1 (Magherafelt LGD),95TT05S1,1388,499,716,0,50,52,71,35.95,51.59,0,3.6,3.75,5.12
Glebe 2 (Magherafelt LGD),95TT05S2,1024,451,351,4,73,76,69,44.04,34.28,0.39,7.13,7.42,6.74
Gulladuff,95TT06W1,2048,685,1152,3,44,46,118,33.45,56.25,0.15,2.15,2.25,5.76
Knockcloghrim,95TT07W1,2141,701,1218,0,43,52,127,32.74,56.89,0,2.01,2.43,5.93
Lecumpher,95TT08W1,2130,749,1177,4,35,51,114,35.16,55.26,0.19,1.64,2.39,5.35
Lower Glenshane 1,95TT09S1,1128,411,608,0,19,15,75,36.44,53.9,0,1.68,1.33,6.65
Lower Glenshane 2,95TT09S2,1136,417,629,1,15,16,58,36.71,55.37,0.09,1.32,1.41,5.11
Maghera,95TT10W1,2234,903,994,0,101,113,123,40.42,44.49,0,4.52,5.06,5.51
Swatragh 1,95TT11S1,1281,452,688,0,32,26,83,35.28,53.71,0,2.5,2.03,6.48
Swatragh 2,95TT11S2,1166,412,669,0,20,10,55,35.33,57.38,0,1.72,0.86,4.72
Tobermore,95TT12W1,1996,611,1153,4,54,60,114,30.61,57.77,0.2,2.71,3.01,5.71
Town Parks East 1,95TT13S1,1186,435,598,0,36,77,40,36.68,50.42,0,3.04,6.49,3.37
Town Parks East 2,95TT13S2,1083,434,418,2,60,87,82,40.07,38.6,0.18,5.54,8.03,7.57
Town Parks West,95TT14W1,1760,600,886,0,66,94,114,34.09,50.34,0,3.75,5.34,6.48
Upperlands,95TT15W1,1858,573,1054,2,51,60,118,30.84,56.73,0.11,2.74,3.23,6.35
Valley,95TT16W1,2090,738,1122,2,43,58,127,35.31,53.68,0.1,2.06,2.78,6.08
Dalriada,95UU06W1,1180,401,604,0,45,59,71,33.98,51.19,0,3.81,5,6.02
Glenariff,95UU09W1,1282,423,686,4,56,46,67,33,53.51,0.31,4.37,3.59,5.23
Knocklayd,95UU14W1,1357,525,568,0,73,113,78,38.69,41.86,0,5.38,8.33,5.75
Armoy and Moss-Side and Moyarget,95UU99C1,1609,562,826,2,56,70,93,34.93,51.34,0.12,3.48,4.35,5.78
Ballylough and Bushmills,95UU99C2,1415,448,694,0,58,92,123,31.66,49.05,0,4.1,6.5,8.69
Bonamargy and Rathlin and Glenshesk,95UU99C3,1579,558,770,0,41,67,143,35.34,48.77,0,2.6,4.24,9.06
Carnmoon and Dunseverick,95UU99C4,1441,442,793,2,46,55,103,30.67,55.03,0.14,3.19,3.82,7.15
Glenaan and Glendun,95UU99C5,1977,744,944,3,53,77,156,37.63,47.75,0.15,2.68,3.89,7.89
Glentaisie and Kinbane,95UU99C6,1763,653,785,0,70,116,139,37.04,44.53,0,3.97,6.58,7.88
Annalong 1,95VV01S1,1293,429,720,0,35,34,75,33.18,55.68,0,2.71,2.63,5.8
Annalong 2,95VV01S2,1226,387,646,0,45,53,95,31.57,52.69,0,3.67,4.32,7.75
Ballybot,95VV02W1,1763,730,600,2,104,151,176,41.41,34.03,0.11,5.9,8.56,9.98
Bessbrook,95VV03W1,1990,763,831,2,81,143,170,38.34,41.76,0.1,4.07,7.19,8.54
Binnian,95VV04W1,2369,761,1375,0,46,68,119,32.12,58.04,0,1.94,2.87,5.02
Burren and Kilbroney 1,95VV05S1,1467,543,786,0,31,43,64,37.01,53.58,0,2.11,2.93,4.36
Burren and Kilbroney 2,95VV05S2,1747,555,1066,0,24,56,46,31.77,61.02,0,1.37,3.21,2.63
Camlough,95VV06W1,2565,945,1267,1,94,102,156,36.84,49.4,0.04,3.66,3.98,6.08
Clonallan 1,95VV07S1,1629,673,633,8,79,139,97,41.31,38.86,0.49,4.85,8.53,5.95
Clonallan 2,95VV07S2,1733,590,946,0,60,72,65,34.05,54.59,0,3.46,4.15,3.75
Creggan,95VV08W1,2291,886,1073,0,101,89,142,38.67,46.84,0,4.41,3.88,6.2
Crossmaglen,95VV09W1,2097,885,856,2,112,107,135,42.2,40.82,0.1,5.34,5.1,6.44
Daisy Hill 1,95VV10S1,1185,544,439,1,66,73,62,45.91,37.05,0.08,5.57,6.16,5.23
Daisy Hill 2,95VV10S2,1234,545,435,1,71,96,86,44.17,35.25,0.08,5.75,7.78,6.97
Derryleckagh 1,95VV11S1,1558,544,816,0,46,60,92,34.92,52.37,0,2.95,3.85,5.91
Derryleckagh 2,95VV11S2,1808,655,956,2,55,74,66,36.23,52.88,0.11,3.04,4.09,3.65
Derrymore 1,95VV12S1,1231,503,531,0,43,92,62,40.86,43.14,0,3.49,7.47,5.04
Derrymore 2,95VV12S2,1182,453,520,0,59,72,78,38.32,43.99,0,4.99,6.09,6.6
Donaghmore 1,95VV13S1,1459,444,878,2,32,31,72,30.43,60.18,0.14,2.19,2.12,4.93
Donaghmore 2,95VV13S2,1096,390,615,0,26,25,40,35.58,56.11,0,2.37,2.28,3.65
Drumalane 1,95VV14S1,1515,642,632,2,67,91,81,42.38,41.72,0.13,4.42,6.01,5.35
Drumalane 2,95VV14S2,1165,436,544,0,37,55,93,37.42,46.7,0,3.18,4.72,7.98
Drumgullion 1,95VV15S1,1115,508,396,2,44,78,87,45.56,35.52,0.18,3.95,7,7.8
Drumgullion 2,95VV15S2,1321,506,648,0,48,67,52,38.3,49.05,0,3.63,5.07,3.94
Fathom,95VV16W1,2431,892,1232,2,74,93,138,36.69,50.68,0.08,3.04,3.83,5.68
Forkhill 1,95VV17S1,1613,594,809,0,56,69,85,36.83,50.15,0,3.47,4.28,5.27
Forkhill 2,95VV17S2,1553,580,784,2,73,41,73,37.35,50.48,0.13,4.7,2.64,4.7
Kilkeel Central 1,95VV18S1,1484,489,763,1,36,86,109,32.95,51.42,0.07,2.43,5.8,7.35
Kilkeel Central 2,95VV18S2,1452,569,609,2,55,76,141,39.19,41.94,0.14,3.79,5.23,9.71
Kilkeel South 1,95VV19S1,1059,344,515,1,28,40,131,32.48,48.63,0.09,2.64,3.78,12.37
Kilkeel South 2,95VV19S2,1256,480,590,4,41,79,62,38.22,46.97,0.32,3.26,6.29,4.94
Lisnacree,95VV20W1,2277,846,1226,0,41,48,116,37.15,53.84,0,1.8,2.11,5.09
Mayobridge 1,95VV21S1,1683,586,933,0,49,52,63,34.82,55.44,0,2.91,3.09,3.74
Mayobridge 2,95VV21S2,1238,381,743,1,28,24,61,30.78,60.02,0.08,2.26,1.94,4.93
Newtownhamilton,95VV22W1,2096,795,1016,1,74,75,135,37.93,48.47,0.05,3.53,3.58,6.44
Rostrevor,95VV23W1,2312,853,1073,0,110,112,164,36.89,46.41,0,4.76,4.84,7.09
Seaview 1,95VV24S1,1241,410,620,0,38,61,112,33.04,49.96,0,3.06,4.92,9.02
Seaview 2,95VV24S2,1263,465,530,1,62,90,115,36.82,41.96,0.08,4.91,7.13,9.11
Silver Bridge 1,95VV25S1,1303,459,648,0,52,59,85,35.23,49.73,0,3.99,4.53,6.52
Silver Bridge 2,95VV25S2,1400,475,768,1,42,44,70,33.93,54.86,0.07,3,3.14,5
Spelga,95VV26W1,2630,979,1348,0,92,73,138,37.22,51.25,0,3.5,2.78,5.25
St Mary's,95VV27W1,1905,769,773,0,82,130,151,40.37,40.58,0,4.3,6.82,7.93
St Patrick's 1,95VV28S1,1737,650,792,6,69,106,114,37.42,45.6,0.35,3.97,6.1,6.56
St Patrick's 2,95VV28S2,1087,442,427,0,46,68,104,40.66,39.28,0,4.23,6.26,9.57
Tullyhappy,95VV29W1,2442,783,1394,4,52,70,139,32.06,57.08,0.16,2.13,2.87,5.69
Windsor Hill 1,95VV30S1,1326,451,738,1,35,40,61,34.01,55.66,0.08,2.64,3.02,4.6
Windsor Hill 2,95VV30S2,1135,438,479,0,62,70,86,38.59,42.2,0,5.46,6.17,7.58
Abbey 1,95WW01S1,1258,429,537,0,55,80,157,34.1,42.69,0,4.37,6.36,12.48
Abbey 2,95WW01S2,1081,377,472,4,46,78,104,34.88,43.66,0.37,4.26,7.22,9.62
Ballyclare North 1,95WW02S1,1419,475,656,0,56,100,132,33.47,46.23,0,3.95,7.05,9.3
Ballyclare North 2,95WW02S2,1571,500,819,0,65,98,89,31.83,52.13,0,4.14,6.24,5.67
Ballyclare South 1,95WW03S1,1369,502,550,2,61,109,145,36.67,40.18,0.15,4.46,7.96,10.59
Ballyclare South 2,95WW03S2,1523,486,805,4,61,86,81,31.91,52.86,0.26,4.01,5.65,5.32
Ballyduff 1,95WW04S1,1226,400,633,2,55,78,58,32.63,51.63,0.16,4.49,6.36,4.73
Ballyduff 2,95WW04S2,1011,259,634,0,32,39,47,25.62,62.71,0,3.17,3.86,4.65
Ballyhenry 1,95WW05S1,1231,399,693,0,39,48,52,32.41,56.3,0,3.17,3.9,4.22
Ballyhenry 2,95WW05S2,1050,340,457,1,45,77,130,32.38,43.52,0.1,4.29,7.33,12.38
Ballynure 1,95WW06S1,1247,339,753,0,28,49,78,27.19,60.38,0,2.25,3.93,6.26
Ballynure 2,95WW06S2,1280,287,829,0,37,50,77,22.42,64.77,0,2.89,3.91,6.02
Ballyrobert 1,95WW07S1,1464,395,889,0,30,49,101,26.98,60.72,0,2.05,3.35,6.9
Ballyrobert 2,95WW07S2,1922,502,1151,0,55,85,129,26.12,59.89,0,2.86,4.42,6.71
Burnthill 1,95WW08S1,961,274,553,2,42,42,48,28.51,57.54,0.21,4.37,4.37,4.99
Burnthill 2,95WW08S2,1124,292,634,0,33,50,115,25.98,56.41,0,2.94,4.45,10.23
Carnmoney 1,95WW09S1,1014,343,421,0,53,97,100,33.83,41.52,0,5.23,9.57,9.86
Carnmoney 2,95WW09S2,1082,231,729,0,21,30,71,21.35,67.38,0,1.94,2.77,6.56
Cloughfern 1,95WW10S1,1308,421,697,2,46,69,73,32.19,53.29,0.15,3.52,5.28,5.58
Cloughfern 2,95WW10S2,976,285,490,0,40,63,98,29.2,50.2,0,4.1,6.45,10.04
Collinbridge 1,95WW11S1,1306,425,708,0,58,45,70,32.54,54.21,0,4.44,3.45,5.36
Collinbridge 2,95WW11S2,1133,364,631,0,37,36,65,32.13,55.69,0,3.27,3.18,5.74
Coole,95WW12W1,1923,758,663,0,128,179,195,39.42,34.48,0,6.66,9.31,10.14
Doagh 1,95WW13S1,1487,417,858,0,37,85,90,28.04,57.7,0,2.49,5.72,6.05
Doagh 2,95WW13S2,1407,364,852,2,40,60,89,25.87,60.55,0.14,2.84,4.26,6.33
Dunanney,95WW14W1,1791,736,590,2,106,156,201,41.09,32.94,0.11,5.92,8.71,11.22
Glebe 1 (Newtownabbey LGD),95WW15S1,1268,442,599,0,57,58,112,34.86,47.24,0,4.5,4.57,8.83
Glebe 2 (Newtownabbey LGD),95WW15S2,1357,422,781,1,47,43,63,31.1,57.55,0.07,3.46,3.17,4.64
Glengormley 1,95WW16S1,1316,451,643,0,53,64,105,34.27,48.86,0,4.03,4.86,7.98
Glengormley 2,95WW16S2,1058,423,373,3,64,84,111,39.98,35.26,0.28,6.05,7.94,10.49
Hawthorne,95WW17W1,1886,586,930,0,87,128,155,31.07,49.31,0,4.61,6.79,8.22
Hightown,95WW18W1,1845,574,917,0,66,99,189,31.11,49.7,0,3.58,5.37,10.24
Jordanstown 1,95WW19S1,1530,400,897,0,46,67,120,26.14,58.63,0,3.01,4.38,7.84
Jordanstown 2,95WW19S2,1491,366,1007,2,26,48,42,24.55,67.54,0.13,1.74,3.22,2.82
Jordanstown 3,95WW19S3,1756,410,1185,0,32,49,80,23.35,67.48,0,1.82,2.79,4.56
Mallusk 1,95WW20S1,1457,413,863,2,39,62,78,28.35,59.23,0.14,2.68,4.26,5.35
Mallusk 2,95WW20S2,3313,1206,1791,5,139,118,54,36.4,54.06,0.15,4.2,3.56,1.63
Mallusk 3,95WW20S3,1519,434,962,0,27,56,40,28.57,63.33,0,1.78,3.69,2.63
Monkstown 1,95WW21S1,1227,462,449,0,64,134,118,37.65,36.59,0,5.22,10.92,9.62
Monkstown 2,95WW21S2,1455,530,692,4,75,103,51,36.43,47.56,0.27,5.15,7.08,3.51
Mossley 1,95WW22S1,1130,358,612,4,35,59,62,31.68,54.16,0.35,3.1,5.22,5.49
Mossley 2,95WW22S2,1227,444,487,4,84,131,77,36.19,39.69,0.33,6.85,10.68,6.28
Rostulla 1,95WW23S1,1845,745,783,2,73,91,151,40.38,42.44,0.11,3.96,4.93,8.18
Rostulla 2,95WW23S2,2386,1447,744,0,20,60,115,60.65,31.18,0,0.84,2.51,4.82
Valley 1,95WW24S1,1284,505,474,2,76,88,139,39.33,36.92,0.16,5.92,6.85,10.83
Valley 2,95WW24S2,1510,695,448,1,111,130,125,46.03,29.67,0.07,7.35,8.61,8.28
Whitehouse,95WW25W1,1768,596,638,2,126,211,195,33.71,36.09,0.11,7.13,11.93,11.03
Ballycrochan 1,95XX01S1,1416,343,936,0,30,57,50,24.22,66.1,0,2.12,4.03,3.53
Ballycrochan 2,95XX01S2,1397,395,854,1,36,84,27,28.27,61.13,0.07,2.58,6.01,1.93
Ballycrochan 3,95XX01S3,1309,388,718,2,42,89,70,29.64,54.85,0.15,3.21,6.8,5.35
Ballyholme,95XX02W1,2154,473,1251,5,63,129,233,21.96,58.08,0.23,2.92,5.99,10.82
Ballymaconnell 1,95XX03S1,1028,215,672,0,27,48,66,20.91,65.37,0,2.63,4.67,6.42
Ballymaconnell 2,95XX03S2,1212,304,766,0,26,60,56,25.08,63.2,0,2.15,4.95,4.62
Ballymagee 1,95XX04S1,1428,331,899,0,24,82,92,23.18,62.96,0,1.68,5.74,6.44
Ballymagee 2,95XX04S2,1504,440,812,0,56,115,81,29.26,53.99,0,3.72,7.65,5.39
Bangor Castle,95XX05W1,2274,677,1112,2,99,179,205,29.77,48.9,0.09,4.35,7.87,9.01
Bloomfield 1 (North Down LGD),95XX06S1,1340,450,573,1,72,136,108,33.58,42.76,0.07,5.37,10.15,8.06
Bloomfield 2 (North Down LGD),95XX06S2,1576,489,791,0,76,129,91,31.03,50.19,0,4.82,8.19,5.77
Broadway 1,95XX07S1,1238,324,728,0,33,62,91,26.17,58.8,0,2.67,5.01,7.35
Broadway 2,95XX07S2,1171,257,649,0,38,67,160,21.95,55.42,0,3.25,5.72,13.66
Bryansburn 1,95XX08S1,1133,301,622,0,29,86,95,26.57,54.9,0,2.56,7.59,8.38
Bryansburn 2,95XX08S2,1088,251,634,4,23,50,126,23.07,58.27,0.37,2.11,4.6,11.58
Churchill 1,95XX09S1,1178,237,605,4,36,69,227,20.12,51.36,0.34,3.06,5.86,19.27
Churchill 2,95XX09S2,1200,346,608,3,40,83,120,28.83,50.67,0.25,3.33,6.92,10
Clandeboye 1,95XX10S1,1256,445,580,0,71,107,53,35.43,46.18,0,5.65,8.52,4.22
Clandeboye 2,95XX10S2,1377,409,787,0,62,77,42,29.7,57.15,0,4.5,5.59,3.05
Clandeboye 3,95XX10S3,964,342,419,0,39,92,72,35.48,43.46,0,4.05,9.54,7.47
Conlig 1,95XX11S1,1902,656,978,0,78,135,55,34.49,51.42,0,4.1,7.1,2.89
Conlig 2,95XX11S2,1688,582,849,2,86,117,52,34.48,50.3,0.12,5.09,6.93,3.08
Conlig 3,95XX11S3,1206,507,397,2,72,143,85,42.04,32.92,0.17,5.97,11.86,7.05
Craigavad,95XX12W1,2157,575,1300,6,56,95,125,26.66,60.27,0.28,2.6,4.4,5.8
Crawfordsburn,95XX13W1,2312,425,1528,0,38,102,219,18.38,66.09,0,1.64,4.41,9.47
Cultra,95XX14W1,2060,470,1271,2,42,94,181,22.82,61.7,0.1,2.04,4.56,8.79
Dufferin,95XX15W1,2048,717,841,1,121,212,156,35.01,41.06,0.05,5.91,10.35,7.62
Groomsport,95XX16W1,2646,534,1626,6,63,181,236,20.18,61.45,0.23,2.38,6.84,8.92
Harbour 1,95XX17S1,1296,601,371,3,81,162,78,46.37,28.63,0.23,6.25,12.5,6.02
Harbour 2,95XX17S2,1252,409,590,2,54,118,79,32.67,47.12,0.16,4.31,9.42,6.31
Holywood Demesne,95XX18W1,2536,976,1019,4,91,200,246,38.49,40.18,0.16,3.59,7.89,9.7
Holywood Priory,95XX19W1,2173,523,1298,2,46,142,162,24.07,59.73,0.09,2.12,6.53,7.46
Loughview 1,95XX20S1,1636,576,653,2,66,180,159,35.21,39.91,0.12,4.03,11,9.72
Loughview 2,95XX20S2,1086,425,528,10,39,47,37,39.13,48.62,0.92,3.59,4.33,3.41
Princetown,95XX21W1,2410,568,1410,0,64,127,241,23.57,58.51,0,2.66,5.27,10
Rathgael,95XX22W1,1887,579,980,2,62,142,122,30.68,51.93,0.11,3.29,7.53,6.47
Silverstream,95XX23W1,2633,1029,1106,2,98,210,188,39.08,42.01,0.08,3.72,7.98,7.14
Springhill 1,95XX24S1,1109,272,695,0,24,53,65,24.53,62.67,0,2.16,4.78,5.86
Springhill 2,95XX24S2,1161,274,657,1,30,84,115,23.6,56.59,0.09,2.58,7.24,9.91
Whitehill,95XX25W1,1981,721,761,4,80,228,187,36.4,38.41,0.2,4.04,11.51,9.44
Beragh,95YY01W1,1879,574,1057,1,60,69,118,30.55,56.25,0.05,3.19,3.67,6.28
Camowen,95YY02W1,1873,703,809,0,69,105,187,37.53,43.19,0,3.68,5.61,9.98
Clanabogan,95YY03W1,2336,718,1358,2,81,72,105,30.74,58.13,0.09,3.47,3.08,4.49
Coolnagard,95YY04W1,2654,979,1328,2,94,121,130,36.89,50.04,0.08,3.54,4.56,4.9
Dergmoney,95YY05W1,1421,528,627,0,46,89,131,37.16,44.12,0,3.24,6.26,9.22
Dromore,95YY06W1,1839,680,898,0,67,64,130,36.98,48.83,0,3.64,3.48,7.07
Drumnakilly,95YY07W1,2174,741,1207,4,52,52,118,34.08,55.52,0.18,2.39,2.39,5.43
Drumquin,95YY08W1,1712,619,890,2,54,45,102,36.16,51.99,0.12,3.15,2.63,5.96
Drumragh,95YY09W1,1982,739,906,0,71,105,161,37.29,45.71,0,3.58,5.3,8.12
Fairy Water,95YY10W1,1718,546,1012,0,37,39,84,31.78,58.91,0,2.15,2.27,4.89
Fintona,95YY11W1,1637,608,740,1,68,76,144,37.14,45.2,0.06,4.15,4.64,8.8
Gortin,95YY12W1,2125,673,1201,0,43,81,127,31.67,56.52,0,2.02,3.81,5.98
Gortrush 1,95YY13S1,1091,406,534,0,49,59,43,37.21,48.95,0,4.49,5.41,3.94
Gortrush 2,95YY13S2,1106,443,453,0,46,79,85,40.05,40.96,0,4.16,7.14,7.69
Killyclogher 1,95YY14S1,1156,468,525,0,46,59,58,40.48,45.42,0,3.98,5.1,5.02
Killyclogher 2,95YY14S2,1182,466,554,0,49,54,59,39.42,46.87,0,4.15,4.57,4.99
Lisanelly 1,95YY15S1,327,106,135,1,14,20,51,32.42,41.28,0.31,4.28,6.12,15.6
Lisanelly 2,95YY15S2,1203,541,405,2,96,101,58,44.97,33.67,0.17,7.98,8.4,4.82
Newtownsaville,95YY16W1,1838,629,1026,2,28,48,105,34.22,55.82,0.11,1.52,2.61,5.71
Owenkillew,95YY17W1,1770,671,923,0,50,38,88,37.91,52.15,0,2.82,2.15,4.97
Sixmilecross,95YY18W1,1755,653,922,1,36,47,96,37.21,52.54,0.06,2.05,2.68,5.47
Strule,95YY19W1,1259,506,477,2,60,76,138,40.19,37.89,0.16,4.77,6.04,10.96
Termon,95YY20W1,1815,705,968,0,25,25,92,38.84,53.33,0,1.38,1.38,5.07
Trillick,95YY21W1,1837,641,1010,2,42,49,93,34.89,54.98,0.11,2.29,2.67,5.06
Artigarvan,95ZZ01W1,2140,697,1167,1,67,83,125,32.57,54.53,0.05,3.13,3.88,5.84
Ballycolman,95ZZ02W1,1440,609,531,0,106,92,102,42.29,36.88,0,7.36,6.39,7.08
Castlederg,95ZZ03W1,1724,680,699,1,89,97,158,39.44,40.55,0.06,5.16,5.63,9.16
Clare,95ZZ04W1,2099,771,1033,0,57,86,152,36.73,49.21,0,2.72,4.1,7.24
Dunnamanagh,95ZZ05W1,1699,627,842,0,38,69,123,36.9,49.56,0,2.24,4.06,7.24
East,95ZZ06W1,1363,623,407,0,91,90,152,45.71,29.86,0,6.68,6.6,11.15
Finn,95ZZ07W1,2154,829,1039,0,95,82,109,38.49,48.24,0,4.41,3.81,5.06
Glenderg,95ZZ08W1,2022,793,960,0,71,85,113,39.22,47.48,0,3.51,4.2,5.59
Newtownstewart,95ZZ09W1,1779,690,800,0,64,75,150,38.79,44.97,0,3.6,4.22,8.43
North,95ZZ10W1,2443,910,1122,2,136,134,139,37.25,45.93,0.08,5.57,5.49,5.69
Plumbridge,95ZZ11W1,1726,612,902,2,39,49,122,35.46,52.26,0.12,2.26,2.84,7.07
Sion Mills,95ZZ12W1,1730,604,852,0,68,95,111,34.91,49.25,0,3.93,5.49,6.42
Slievekirk,95ZZ13W1,1970,674,1038,3,53,97,105,34.21,52.69,0.15,2.69,4.92,5.33
South 1,95ZZ14S1,1405,518,647,1,66,82,91,36.87,46.05,0.07,4.7,5.84,6.48
South 2,95ZZ14S2,1086,366,575,0,36,53,56,33.7,52.95,0,3.31,4.88,5.16
Victoria Bridge,95ZZ15W1,1798,609,978,0,68,46,97,33.87,54.39,0,3.78,2.56,5.39
West 1,95ZZ16S1,1332,514,623,0,79,61,55,38.59,46.77,0,5.93,4.58,4.13
West 2,95ZZ16S2,1110,406,482,1,44,69,108,36.58,43.42,0.09,3.96,6.22,9.73